URL,Name,Quality,channel_id
https://www.youtube.com/playlist?list=PLO673u2zYHhk_EBaiqv-CxcUBH7O3h1vb,Illustra Media,10,PLO673u2zYHhk_EBaiqv-CxcUBH7O3h1vb
https://www.youtube.com/channel/UC__kT4NBC-jqJF-RphguAvQ/videos,Siham's Beauty World,10,UC__kT4NBC-jqJF-RphguAvQ
https://www.youtube.com/channel/UC_-xAysVOzD1BgkZQByH4mg,Eqtsad Stan - Ø§Ù‚ØªØµØ§Ø¯ Ø³ØªØ§Ù†,2,UC_-xAysVOzD1BgkZQByH4mg
https://www.youtube.com/channel/UC_adLwpeZ2FqlOPXraPRfEw/videos,Ø§Ø³Ø£Ù„Ù†ÙŠ Ask Me,9,UC_adLwpeZ2FqlOPXraPRfEw
https://www.youtube.com/c/%D8%B9%D8%A8%D8%AF%D8%A7%D9%84%D9%88%D9%87%D8%A7%D8%A8%D8%A7%D9%84%D9%81%D8%AA%D9%84%D8%A7%D9%88%D9%8A/videos,Abdulwahhab Al-Fatlawi,8,UC_C_3CYMkiU2Q4F4ES0cZJw
https://www.youtube.com/c/FatimaZahran/videos,Fatima Zahran,10,UC_C-V8mVt-QBO8WHEIEYjBQ
https://www.youtube.com/c/SherifGaber/videos,Sherif Gaber,10,UC_CKL5F9i7e9sPnZcxXP3HQ
https://www.youtube.com/c/aramtv/videos,ARAM TV - Ø¢Ø±Ø§Ù… ØªÙŠ ÙÙŠ ,3,UC_Ds7nedV3NqYf0zhpYti4A
https://www.youtube.com/c/ANIMALLIFEAR/videos,ANIMAL LIFE AR,10,UC_LE5ph2t1BdvcoXjipro0g
https://www.youtube.com/channel/UC_m_MfL2eYsvjQIsKvhNTGg/videos,Ù‚ØµØµ ÙˆØ­ÙƒØ§ÙŠØ§Øª Ø¨Ø³Ø¨ÙˆØ³Ø©,7,UC_m_MfL2eYsvjQIsKvhNTGg
https://www.youtube.com/c/SalatAlaNabi/videos,Salat Ala Nabi Ù‚Ù†Ø§Ø© Ø§Ù„ØµÙ„Ø§Ø© Ø¹Ù„Ù‰ Ø§Ù„Ù†Ø¨ÙŠ,10,UC_qz19XMZs0nRJGTaVGqUpQ
https://www.youtube.com/c/JenJoon/videos,JenJoon,10,UC_SEdVk8EOw7COe9lfWThyg
https://www.youtube.com/channel/UC_wWxdluwK0qNKsTYzCzOzA/videos,Basel Najem - Ø¨Ø§Ø³Ù„ Ù†Ø¬Ù…,9,UC_wWxdluwK0qNKsTYzCzOzA
https://www.youtube.com/c/AdnanQuran/videos,Adnan Quran,10,UC_x9Ji3SYOGGcx9Ezky002A
https://www.youtube.com/c/apartmentbarcelona/videos,AB Apartment Barcelona,10,UC_zzLUGXzieskcaohpVE1QA
https://www.youtube.com/channel/UC--PzG8GaRi0E3o_XSGFjFg/videos,Samba Bank - Ø¨Ù†Ùƒ Ø³Ø§Ù…Ø¨Ø§,10,UC--PzG8GaRi0E3o_XSGFjFg
https://www.youtube.com/channel/UC-4KnPMmZzwAzW7SbVATUZQ/videos, AJ+ ÙƒØ¨Ø±ÙŠØª ,8,UC-4KnPMmZzwAzW7SbVATUZQ
https://www.youtube.com/c/%D8%B9%D8%A7%D9%84%D9%85%D8%A7%D9%84%D9%81%D9%84%D8%B3%D9%81%D8%A9/videos,Ø¹Ø§Ù„Ù… Ø§Ù„ÙÙ„Ø³ÙØ©,9,UC-7d6GoWxXsQMyKj9j0rhwA
https://www.youtube.com/c/TheSynaptik/videos,The Synaptik,10,UC-a0VWdARiAH-7o6o1I4ypw
https://www.youtube.com/channel/UC-afn-MWUkn2hAItCyxVjwA/videos,Ù…Ù†Ø¹Ø·Ù Mun3ataf,10,UC-afn-MWUkn2hAItCyxVjwA
https://www.youtube.com/c/WOJOODNET/videos,ÙˆØ¬ÙˆØ¯ / WOJOOD_NET,10,UC-F5BiCWh9X5Aj2TQf7hcRQ
https://www.youtube.com/c/Osloop/videos,Osloop Ø£Ø³Ù„ÙˆØ¨,8,UC-fT6wIb2N5-fZexR_eBRyA
https://www.youtube.com/channel/UC-ITr5yj8cafNDcZ06vAqLg/videos,Ø®Ø±Ø¨ÙˆØ´Ø© kharboucha,10,UC-ITr5yj8cafNDcZ06vAqLg
https://www.youtube.com/c/%D8%A7%D9%84%D8%B3%D9%87%D9%85%D8%A7%D9%84%D9%86%D8%A7%D8%B1%D9%8A/videos,Ø§Ù„Ø³Ù‡Ù… Ø§Ù„Ù†Ø§Ø±ÙŠ,10,UC-kaQcZtm813sxHcAFP1duA
https://www.youtube.com/c/Baytcom/videos,Bayt.com,10,UC-o3Tuyl6StQMmn19s2iZPA
https://www.youtube.com/c/Salman97Q8KuwaitiVlogger/videos,KuwaitiVlogger ÙƒÙˆÙŠØªÙŠ ÙÙ„ÙˆÙ‚Ø±,10,UC-pMCvSsH_ZfbPrIt4lDzuw
https://www.youtube.com/user/kadoodi/videos,Ù‚Ù†Ø§Ø© Ø§Ù„ØªÙˆØ­ÙŠØ¯ Ù„Ù„Ù‚Ø±Ø§Ù† Ø§Ù„ÙƒØ±ÙŠÙ…,10,UC-Pp-459wVu80YbOiYKXPUg
https://www.youtube.com/channel/UC-THfFuy6An3WzYrucRYF4g/videos,Diplomatic Academy Ø§Ù„Ø£ÙƒØ§Ø¯ÙŠÙ…ÙŠØ© Ø§Ù„Ø¯Ø¨Ù„ÙˆÙ…Ø§Ø³ÙŠØ©,6,UC-THfFuy6An3WzYrucRYF4g
https://www.youtube.com/channel/UC-xMMM4t_lRdczClvDQRLTA/videos,From real life,9,UC-xMMM4t_lRdczClvDQRLTA
https://www.youtube.com/c/alaa1012/videos, alaa eldin ,8,UC-ZTjzgyZmIRoQlUfgYraMw
https://www.youtube.com/c/who/videos,World Health Organization (WHO),10,UC07-dOwgza1IguKA86jqxNA
https://www.youtube.com/c/JouryKids/videos,Joury Kids,10,UC0A_MWH4PlDRn2-epb00-sA
https://www.youtube.com/c/MahmoudShaheenElordy/videos,Ù…Ø­Ù…ÙˆØ¯ Ø§Ù„Ø¹ÙØ±Ù’Ø¶ÙÙŠ - Mahmoud Elordy,10,UC0i-j_h-fVZZuOLcj6ah5gQ
https://www.youtube.com/c/%D9%85%D8%B9%D9%84%D9%88%D9%85%D8%A9%D8%B3%D8%B1%D9%8A%D8%B9%D8%A91/videos,Quick info,2,UC0I62vjaKBvMoMaaDE4erzA
https://www.youtube.com/channel/UC0nxReQw6W-zCBo3owU_coA/videos,Disco Misr,10,UC0nxReQw6W-zCBo3owU_coA
https://www.youtube.com/c/POPMAGStudios/videos,POPMAG Studios,10,UC0paVC1GTzkHrMWBcGtf85g
https://www.youtube.com/c/KKarim/videos,KKarim,4,UC0PIlX7yG9KM2C5FrhC-rIQ
https://www.youtube.com/channel/UC0PviyAwRDMF-gV6VT1ozTw/videos,LycÃ©e Habib Thameur Sfax,10,UC0PviyAwRDMF-gV6VT1ozTw
https://www.youtube.com/c/MuhammadEid/videos,Muhammad Eid,10,UC0tu5mHyNZDFTAk1hr1GBoQ
https://www.youtube.com/channel/UC0zTHPVdxA5GpyKR7FbWkkw,Ø¨ÙˆØ¯ÙƒØ§Ø³Øª ÙˆÙ† Ù…Ø§Ù† Ø´Ùˆ,8,UC0zTHPVdxA5GpyKR7FbWkkw
https://www.youtube.com/c/HGuitaraStudio/videos,HGuitaraStudio - Ø­ÙŠØ¯Ø± ÙƒÙŠØªØ§Ø±Ø§,10,UC1-bKvhQgX--rkL7NaUxErw
https://www.youtube.com/user/zoominara/videos,Zoomin.TV,5,UC16RqtcbXZUE0mMoBZzgJ9g
https://www.youtube.com/channel/UC1dA7ggm2x-4_IGOukkaEyQ/videos,white akram - ÙˆØ§ÙŠØª Ø§ÙƒØ±Ù…,10,UC1dA7ggm2x-4_IGOukkaEyQ
https://www.youtube.com/c/orassattar/videos,Ø£ÙˆØ±Ø§Ø³ Ø³ØªØ§Ø±,10,UC1FGmioe0wx4aBYEa-RqfQg
https://www.youtube.com/c/WonderStorm/videos,Q H,10,UC1HS7IDteKQjJkpmFfFwm-Q
https://www.youtube.com/c/%D9%85%D8%AD%D8%AA%D8%B1%D9%81%D8%A7%D9%84%D8%AC%D8%B2%D8%A7%D8%A6%D8%B1%D9%8A%D9%84%D9%84%D9%85%D8%B9%D9%84%D9%88%D9%85%D9%8A%D8%A7%D8%AA/videos,Ø¹Ù…Ø§Ø¯ Ù„Ù„Ù…Ø¹Ù„ÙˆÙ…ÙŠØ§Øª -imadTech7,10,UC1jmft-l-jjwJR3MBvwqjxQ
https://www.youtube.com/c/yassermakkah/videos,yasser makkah,10,UC1JTz3EwYmt-zFfzl2wtnDg
https://www.youtube.com/c/AuthmanSyrian/videos,Authman Syrian,10,UC1Kgn5BxD1fYxY1Ii9HtiJA
https://www.youtube.com/c/%D9%82%D8%B7%D9%88%D9%81%D8%A7%D9%84%D8%B9%D8%B5%D9%8A%D9%85%D9%8A%D8%AA%D9%85%D9%83%D9%8A%D9%86%D9%85%D9%87%D9%85%D8%A7%D8%AA%D8%A7%D9%84%D8%B9%D9%84%D9%85/videos,Ù‚Ø·ÙˆÙ Ø§Ù„Ø¹ØµÙŠÙ…ÙŠ,10,UC1M2LA5PSBQPg11C2fVKtOA
https://www.youtube.com/c/TinaAwwad/videos,Dr. Tina Awwad,7,UC1mYvNq891l1cgk2JmJgsSw
https://www.youtube.com/c/ShadiSrour/videos,Shadi Srour,7,UC1N_Yuz6eHkX39hb1qtrtkQ
https://www.youtube.com/channel/UC1QVmFLBukBZf8Sileco6Ng/videos,Zizo ELMaystro - Ø²ÙŠØ²Ùˆ Ø§Ù„Ù…Ø§ÙŠØ³ØªØ±Ùˆ,10,UC1QVmFLBukBZf8Sileco6Ng
https://www.youtube.com/channel/UC1SawInmaC5j-QOPyOCN_Bg/videos,BLTNM Ø¨Ù„Ø§ØªÙ†Ù…,10,UC1SawInmaC5j-QOPyOCN_Bg
https://www.youtube.com/c/MajaalesIslam/videos,Ù…Ø¬Ø§Ù„Ø³ Ø§Ù„Ø¥Ø³Ù„Ø§Ù… Ø§Ù„Ø¯Ø¹ÙˆÙŠØ©,10,UC1uuBixsKAgIAK0XYbYlwrA
https://www.youtube.com/c/kkuTamkeen/videos, ØªÙ…ÙƒÙŠÙ† Ø§Ù„ØªØ¹Ù„Ù… Ø§Ù„Ø¥Ù„ÙƒØªØ±ÙˆÙ†ÙŠ ,9,UC1V77oMv84OghtCnPUynudg
https://www.youtube.com/channel/UC1WKcnMr4eY7FTKbPmlt_RA/videos,Ø§Ù‡Ù„ Ø§Ù„ØªÙˆØ­ÙŠØ¯ Ùˆ Ø§Ù„Ø³Ù†Ø© Ø§Ù„Ù†Ø¨ÙˆÙŠØ©,10,UC1WKcnMr4eY7FTKbPmlt_RA
https://www.youtube.com/c/DiwarGroup/videos,Diwar Group,10,UC1WW0RtHF36wv9IrD-fj2xg
https://www.youtube.com/channel/UC247LBeXLEEWrUVnefH3cVg/videos,7awy - Ø§Ù„Ø­Ø§ÙˆÙŠ,10,UC247LBeXLEEWrUVnefH3cVg
https://www.youtube.com/c/MoatazNoureldeen/videos,Moataz Noureldeen,10,UC25YkkecBsE8pTPsP8vQnfw
https://www.youtube.com/channel/UC2EJXBsWR_5BTCy6R4kIO3A/videos, Qatar Television ØªÙ„ÙØ²ÙŠÙˆÙ† Ù‚Ø·Ø± ,10,UC2EJXBsWR_5BTCy6R4kIO3A
https://www.youtube.com/c/AdamWaMishmish/videos,Ø¢Ø¯Ù… ÙˆÙ…Ø´Ù…Ø´ Adam Wa Mishmish - Arabic Kids Songs,10,UC2mcPN2YDX31oaLnfZScx_g
https://www.youtube.com/c/%D9%87%D9%88%D8%A7%D9%8A%D8%A9%D8%A7%D9%84%D8%B7%D9%8A%D9%88%D8%B1/videos,Birds hobby,10,UC2NaqQvI8vsaOTMOxJGYT1A
https://www.youtube.com/channel/UC2PoQ4slyNmXzAIeeu5LPdw/videos,Christelle Ø¨Ø§Ù„Ø¹Ø±Ø¨ÙŠ,10,UC2PoQ4slyNmXzAIeeu5LPdw
https://www.youtube.com/c/7toun1/videos,7-TOUN,10,UC2PRVeYNiJZ4LXLjRjufYig
https://www.youtube.com/channel/UC2wWwWk4TFwGG11skTRZ-VA/videos,variety.com,8,UC2wWwWk4TFwGG11skTRZ-VA
https://www.youtube.com/c/HatemBenYacoub/videos,Hatem Ben Yacoub,10,UC2ZsBd0J_08PKtf4O25CnQg
https://www.youtube.com/c/%D8%A7%D9%84%D8%AD%D9%8A%D8%A7%D8%A9%D8%A7%D9%84%D9%88%D8%A7%D8%B9%D9%8A%D8%A9/videos,Ø§Ù„Ø­ÙŠØ§Ø© Ø§Ù„ÙˆØ§Ø¹ÙŠØ©,10,UC32EN6NmlTvqaXTDFhqRdGA
https://www.youtube.com/channel/UC3bZNgVPRAxTfGk4jNrIeug/videos,Ø£Ø¨Ø¬Ø¯ Ùˆ ÙƒÙ„Ù…Ù† Abjad and Kalamon TV,10,UC3bZNgVPRAxTfGk4jNrIeug
https://www.youtube.com/channel/UC3GmbOQjPB-KbAvfWTEzwXQ/videos,Ø§Ù„Ø¹Ù‚ÙŠØ¯Ø© Ø§Ù„Ù…Ø¨Ø³Ø·Ø©,10,UC3GmbOQjPB-KbAvfWTEzwXQ
https://www.youtube.com/channel/UC3KGR_wGSNuOozXe7qxEV-A/videos,Ù…ÙˆÙ†Ø¯Ùˆ Mundo,9,UC3KGR_wGSNuOozXe7qxEV-A
https://www.youtube.com/c/OneBloodOfficial/videos,OneBlood ÙˆÙ† Ø¨Ù„ÙˆØ¯,10,UC3lTkK-MiBjYOrSRHDD5hEg
https://www.youtube.com/c/Mixshin/videos,MIXTION,3,UC3mud3EebPVDcKuUv70iQnQ
https://www.youtube.com/c/wataryproduction/videos,WATARY ,10,UC3OkjsPyaVQMh7iGux8N_Ig
https://www.youtube.com/c/ArreshaStudios/videos,Arresha Arabic,10,UC3oLbGlXeDOyY61c2uzFgsg
https://www.youtube.com/c/mojoiam/videos,mojoiam,10,UC3rVdW3Yts4A_rqw736k71Q
https://www.youtube.com/c/%D9%81%D9%84%D8%AA%D8%B9%D8%B1%D9%81/videos,ÙÙ„ØªØ¹Ø±Ù,7,UC3U1h3JuBRmIouA4jcsBdew
https://www.youtube.com/c/KlashFans/videos,KlashFans,10,UC3VajBicGP1Kco7vnqKZJkQ
https://www.youtube.com/c/ABDULAHHAFS/videos,ABDULAH HAFS ,10,UC3Y0R759lgjpeDB0opAlxKw
https://www.youtube.com/c/AFIAArabia/videos,AFIA Arabia,10,UC4AB_YjU-HLpA5AvEMgRdHg
https://www.youtube.com/user/cannnarytv/videos,Ù‚Ù†Ø§Ø© ÙƒÙ†Ø§Ø±ÙŠ,10,UC4F-LKIXxFAojVEgloK0gAg
https://www.youtube.com/c/dalalabuamneh-official/videos,Dalal Abu Amneh - Ø¯Ù„Ø§Ù„ Ø£Ø¨Ùˆ Ø¢Ù…Ù†Ø©,10,UC4GLOuo-P2nxgL1YV68eOkg
https://www.youtube.com/channel/UC4hjKa7Y8NqrTdX-KG6PECA/videos,NaNi TV,7,UC4hjKa7Y8NqrTdX-KG6PECA
https://www.youtube.com/channel/UC4JLmgFX4EYChjLVzI2fgUg/videos,ÙŠØ­ÙƒÙ‰ Ø£Ù†,9,UC4JLmgFX4EYChjLVzI2fgUg
https://www.youtube.com/c/SamirSamy/videos,Samir Samy,10,UC4MZETrXRhN-t2CpSIaPQ0Q
https://www.youtube.com/c/SouriOfficial/videos,Souri Official,10,UC4qXve1rIfdumZG4C-c1sJA
https://www.youtube.com/channel/UC4R93fHn_jI7pUHdnaoENnA/videos,Muhamed Hussein,10,UC4R93fHn_jI7pUHdnaoENnA
https://www.youtube.com/c/NadjiOunis/videos,Nadji Ounis Ù†Ø§Ø¬ÙŠ Ø£ÙˆÙ†ÙŠØ³,9,UC4roA3mSPfW5vmTgKevqbpA
https://www.youtube.com/channel/UC4TNNcSP_lbqIA4hifBV18Q/videos,Ù‚Ù†Ø§Ø© Ø§Ù„Ù…Ø¹Ø±ÙØ©,10,UC4TNNcSP_lbqIA4hifBV18Q
https://www.youtube.com/c/%D8%B9%D8%A8%D8%AF%D8%A7%D9%84%D8%B3%D9%84%D8%A7%D9%85%D9%85%D8%AD%D9%85%D8%AF%D8%A7%D9%84%D8%AD%D8%B0%D9%8A%D9%81%D9%8A/videos,Ø¹Ø¨Ø¯ Ø§Ù„Ø³Ù„Ø§Ù… Ø§Ù„Ø­Ø°ÙŠÙÙŠ abdulslam alhudhaifi l,10,UC4zU4J20XxTufatYgrH-ngA
https://www.youtube.com/c/CitImmCanada/videos,Citizenship and Immigration Canada / CitoyennetÃ© et Immigration Canada,10,UC50bi5fNoYQk11lWhfi3l4w
https://www.youtube.com/user/USEmbassyRiyadh/videos,U.S. Mission Saudi Arabia,9,UC53_OdN7GCktzuC93Z8pQ5w
https://www.youtube.com/c/NabylaMaanOfficiel/videos,Nabyla MAAN,10,UC5aee8lDoRe1IDh0o0zHwCQ
https://www.youtube.com/channel/UC5dF671Fmlmqn85BuwCE51A/videos,Ù‚ØµØªÙŠ Ù…Ø¹ Ø¨Ù„Ø§ Ù…ÙˆØ³ÙŠÙ‚Ù‰,10,UC5dF671Fmlmqn85BuwCE51A
https://www.youtube.com/c/SalmaRachidTV/videos,Salma Rachid I Ø³Ù„Ù…Ù‰ Ø±Ø´ÙŠØ¯,10,UC5DiXAUQic0CRMFGBJCuVvQ
https://www.youtube.com/channel/UC5fEPaSv0eCMRqygFArp9oQ/videos,Shnu Ø´Ù’Ù†ÙÙˆØ§,8,UC5fEPaSv0eCMRqygFArp9oQ
https://www.youtube.com/channel/UC5FIGivEwlyChNeMa5D5yDg/videos,RulesWawi,9,UC5FIGivEwlyChNeMa5D5yDg
https://www.youtube.com/c/RoyaComedy/videos,Roya Comedy,10,UC5G85jJLODwu50JYfE3x1BA
https://www.youtube.com/user/MyMaz90/videos,MarsSimba,10,UC5gphfkS9OfDIAZDfGJLnfQ
https://www.youtube.com/c/%D8%AB%D9%82%D9%81%D9%86%D9%81%D8%B3%D9%83%D8%A7%D9%84%D8%B1%D8%B3%D9%85%D9%8A%D8%A9/videos,Ø«Ù‚Ù Ù†ÙØ³Ùƒ Ø§Ù„Ø±Ø³Ù…ÙŠØ©,10,UC5hQOOQ7atQ9ZX57eZ_FHgw
https://www.youtube.com/user/zaid303026/videos,STUDIO ALTAMAEZ,10,UC5i0ZodvGPJyhrS8rR4r31w
https://www.youtube.com/c/weddingtone/videos,Wedding Tone ÙˆÙŠØ¯Ù†Ø¬ ØªÙˆÙ†,10,UC5I75RleMo9F0N5F2Sy-8Zw
https://www.youtube.com/c/BarryTubeisLIT/videos, BarryTube ,7,UC5p0FTpOleZUc87YVJ8VX-g
https://www.youtube.com/c/%D8%AE%D9%85%D8%B3%D8%A9%D8%A8%D8%A7%D9%84%D9%85%D8%B5%D8%B1%D9%8A/videos,Ø®Ù…Ø³Ø© Ø¨Ø§Ù„Ù…ØµØ±ÙŠ,10,UC5x_iOMdMIgFQXDf49s42LA
https://www.youtube.com/channel/UC5ZUISj-SYuodhyIoV3zGCg/videos,Ø§Ù„ÙŠØ§Ø¨Ø§Ù† Ø¥ÙŠØªØ´ÙŠØ¨Ø§Ù†,7,UC5ZUISj-SYuodhyIoV3zGCg
https://www.youtube.com/channel/UC60eTZZBz_KSpVAz5PwdNGQ/videos,Ø³Ù€Ø¬Ù€Ù‡ SjhHD I,10,UC60eTZZBz_KSpVAz5PwdNGQ
https://www.youtube.com/channel/UC60vgArHd1npXFTVGIQAUJA/videos,Ø±ØºØ¯ Ù†Ø§ØµØ± RAGHAD NASSER,10,UC60vgArHd1npXFTVGIQAUJA
https://www.youtube.com/user/marwanasad/videos,Marwan Asad,10,UC6GW_oUB_1Rt0XuQpbQX5MQ
https://www.youtube.com/c/hawatife/videos,Ø­Ù…Ø²Ø© Ù‡ÙˆØ§ØªÙÙŠ - Hamza hawatife,4,UC6hMOSA03SWTHR7tjnQ5JbQ
https://www.youtube.com/channel/UC6JsL74MTQMpBb9LJIkHAGw/videos,People of the Book Ø£Ù‡Ù„ Ø§Ù„ÙƒØªØ§Ø¨,9,UC6JsL74MTQMpBb9LJIkHAGw
https://www.youtube.com/c/KhafayaNivine/videos,Khafaya Nivine,10,UC6KV87xkdEsS-fJVIpztUow
https://www.youtube.com/channel/UC6NARJGywqLUDvwFfoBkXzA/videos,XourEldin - Ù†ÙˆØ±Ø§Ù„Ø¯ÙŠÙ† Ø§Ù„Ø·ÙŠØ§Ø±,10,UC6NARJGywqLUDvwFfoBkXzA
https://www.youtube.com/channel/UC6oBYYEkVKCKp4so8rH68BA/videos,Mahmoud kamal Ù…Ø­Ù…ÙˆØ¯ ÙƒÙ…Ø§Ù„,10,UC6oBYYEkVKCKp4so8rH68BA
https://www.youtube.com/c/ABDERRAHMANSAHEL/videos,Abd rahman Sahel,10,UC6pDu4wxf33cwWhl0vDYxGQ
https://www.youtube.com/c/LegeCy/videos,Lege-Cy,10,UC6qISBBK0xjYu5GjxQH0ucw
https://www.youtube.com/channel/UC6uDLUcZA_citnotSu4isWA/videos,Ø³Ù…Ø§Ø¹Ø© ØªÙƒ,7,UC6uDLUcZA_citnotSu4isWA
https://www.youtube.com/c/URBANofficiel/videos,Esmail - Ø¥Ø³Ù…Ø§Ø¹ÙŠÙ„,10,UC6y8bVMSUEd35qrJWkp0_ZQ
https://www.youtube.com/c/FunOrFacts/videos,Fun Or Facts,8,UC6Yl_a6nT4QynvMxaBf4SIw
https://www.youtube.com/c/%D8%B9%D8%B2%D8%A7%D9%84%D8%AF%D9%8A%D9%86_%D8%A7%D9%84%D8%B4%D9%88%D9%8A%D8%AE/videos,Ø¹Ø²Ø§Ù„Ø¯ÙŠÙ† Ø§Ù„Ø´ÙˆÙŠØ®,10,UC7fVJOkSQfqUrDfAKy7i6sA
https://www.youtube.com/channel/UC7GI5yILfpH2HSS2DF2Ovhg/videos,Ay BB,10,UC7GI5yILfpH2HSS2DF2Ovhg
https://www.youtube.com/channel/UC7imkfj6c9QRQGPOsnwF7sA/videos,Ø§Ù†ÙˆØ± Ø§Ù„Ù…Ø­Ø¨ÙˆØ¨ Anwar beloved,10,UC7imkfj6c9QRQGPOsnwF7sA
https://www.youtube.com/c/%D8%AA%D8%B3%D8%AC%D9%8A%D9%84%D8%A7%D8%AA%D8%A7%D9%84%D8%B3%D9%87%D8%B1/videos,ØªØ³Ø¬ÙŠÙ„Ø§Øª Ø§Ù„Ø³Ù‡Ø±,9,UC7mtrdzxwDb2cX3r925efqQ
https://www.youtube.com/c/nabulsiencyclopedia/videos,Ø§Ù„Ù‚Ù†Ø§Ø© Ø§Ù„Ø±Ø³Ù…ÙŠØ© Ù„Ù…ÙˆØ³ÙˆØ¹Ø© Ø§Ù„Ù†Ø§Ø¨Ù„Ø³ÙŠ Ù„Ù„Ø¹Ù„ÙˆÙ… Ø§Ù„Ø¥Ø³Ù„Ø§Ù…ÙŠØ©,6,UC7naRnmAOTwDPu738W2SljQ
https://www.youtube.com/channel/UC7SRxe5_QslmdmdV_zuzXUg/videos,Ù„Ù… Ø£ÙƒÙ† Ø£Ø¹Ù„Ù…,10,UC7SRxe5_QslmdmdV_zuzXUg
https://www.youtube.com/c/Bader/videos,Ø¨Ø¯Ø± Ø§Ù„Ø´Ø¹ÙŠØ¨ÙŠ,10,UC7xBXp4oi8hzZrBFy-ijglQ
https://www.youtube.com/c/Orchidfulifestyle/videos,Orchidfulifestyle,10,UC83zIw3erFmMESlEa5wrtNQ
https://www.youtube.com/c/CNArabicfr/videos,CN,9,UC87oxG2pb9tdDkeTPBfaE0A
https://www.youtube.com/channel/UC8dJgVKEKpTfgF8haHfnYEw/videos,Learn with Abu Zakaria - ØªØ¹Ù„Ù… Ù…Ø¹ Ø£Ø¨ÙˆØ²ÙƒØ±ÙŠØ§,8,UC8dJgVKEKpTfgF8haHfnYEw
https://www.youtube.com/c/%D9%85%D8%B1%D9%88%D9%89%D8%B9%D8%A8%D8%AF%D8%A7%D9%84%D8%B9%D8%B2%D9%8A%D8%B2/videos,Ù…Ø±ÙˆÙ‰ Ø¹Ø¨Ø¯Ø§Ù„Ø¹Ø²ÙŠØ²,10,UC8gsK3wvFdusTPpWkHcTFlQ
https://www.youtube.com/channel/UC8JDbZZ2JJ_hkaepn1jqpzQ/videos,Al Khalidi Hospital and Medical Center,8,UC8JDbZZ2JJ_hkaepn1jqpzQ
https://www.youtube.com/c/EMPCTV/videos,EMPC TV,10,UC8NzMl_1Y50qjLYPoxW17MA
https://www.youtube.com/user/DHSprogram/videos,The DHS Program,10,UC8OAe5Zrg86xv-Z8gzHzpTg
https://www.youtube.com/c/ExcelMasterwork/videos,Excel Masterwork,10,UC8QHxaHHNrUPdSGc6kaFNjA
https://www.youtube.com/channel/UC8t88jcE8e6_Skg7tVllxOw/videos,Tahani obeid,10,UC8t88jcE8e6_Skg7tVllxOw
https://www.youtube.com/c/ORTEGAofficiall/videos,ORTEGA,10,UC8vU_TGA_AwyK8fMbg0y9zQ
https://www.youtube.com/c/%D8%A8%D9%88%D8%A7%D8%A8%D8%A9%D8%A7%D9%84%D8%B7%D8%A8%D8%A7%D9%84%D8%A8%D8%AF%D9%8A%D9%84%D9%88%D8%A7%D9%84%D8%AA%D9%83%D9%85%D9%8A%D9%84%D9%8A/videos,Ø¨ÙˆØ§Ø¨Ø© Ø§Ù„Ø·Ø¨ Ø§Ù„Ø¨Ø¯ÙŠÙ„ ÙˆØ§Ù„ØªÙƒÙ…ÙŠÙ„ÙŠ ,8,UC8Y_qRDpGL67tEmb05oNLeA
https://www.youtube.com/channel/UC8Ya7P2HRVn6lWO4ireiivw/videos,Boursa Kuwait,10,UC8Ya7P2HRVn6lWO4ireiivw
https://www.youtube.com/c/maharat/videos, Ù…Ù‡Ø§Ø±Ø§Øª Ù…Ù† Google ,10,UC8ZF2ZJnqmYJFl9pACYQUfQ
https://www.youtube.com/channel/UC8ZqyRxiOdP4HGyJqwzBkFA/videos,ÙÙŠÙØªÙŠ Ø§Ù„Ø§Ø³Ø·ÙˆØ±Ø© - Fifty El Ostora,10,UC8ZqyRxiOdP4HGyJqwzBkFA
https://www.youtube.com/c/Alhabibali/videos,Ø§Ù„Ø­Ø¨ÙŠØ¨ Ø¹Ù„ÙŠ Ø§Ù„Ø¬ÙØ±ÙŠ Alhabib Ali Aljifri,9,UC9AGtdHF1KIrx_ql9INA8cg
https://www.youtube.com/c/BasharMurad/videos,Bashar Murad,10,UC9DLFfJGeFf85flt2hy3kUQ
https://www.youtube.com/channel/UC9gXps6xggAzxjjzquNXIaQ/videos,Wegz ÙˆÙŠØ¬Ø²,9,UC9gXps6xggAzxjjzquNXIaQ
https://www.youtube.com/c/Salamatakgcc/videos,Ø¨Ø±Ù†Ø§Ù…Ø¬ Ø³Ù„Ø§Ù…ØªÙƒ,8,UC9lOr4zfCWxSECyjWQyZI2A
https://www.youtube.com/c/HaLhoulMourad/videos,L7OR - Ø§Ù„Ø­Ø±,10,UC9o7H0MTjWjo9MffOVxUPww
https://www.youtube.com/c/PythonArabicCommunity/videos,Python Arabic Community,10,UC9ocsRoOwj9tkAQNfUt8ZJg
https://www.youtube.com/c/AriJanOfficial/videos,Ari Jan  ,8,UC9R42ZH3OAw617gRSdo6C7Q
https://www.youtube.com/c/AboodOmari/videos,Abood Omari,10,UC9Rm5Kt3JmJe6yNiOtQWF7A
https://www.youtube.com/c/MetroAlMadina/videos,Metro Al Madina,10,UC9XhRDLQr3Holp6h5836tew
https://www.youtube.com/c/ZOOMWD/videos,ZOOMWD Ø¨Ø¹ÙŠÙˆÙ†ÙŠ Ø§ØµÙˆØ±Ùƒ,10,UC9zIQcCF91DuYAMMDNNXuuQ
https://www.youtube.com/channel/UCa5TEEUZxi0ksML1LraU56A/videos,Kuwait wildlife Tv,10,UCa5TEEUZxi0ksML1LraU56A
https://www.youtube.com/channel/UCa7lQu3RM6p88h4KOfTpqWA/videos,Ù‡Ù„ ØªØ¹Ù„Ù…ØŸ,8,UCa7lQu3RM6p88h4KOfTpqWA
https://www.youtube.com/c/AYMAN4A/videos,AYMAN 4A,10,UCA95WglTWjuG2Ddx9S9N9kg
https://www.youtube.com/channel/UCAd-F-KGmEz3vzT9W3waXCw,Clearabic Blog,9,UCAd-F-KGmEz3vzT9W3waXCw
https://www.youtube.com/user/Donorvoorlichting/videos,Orgaandonatie en transplantatie,10,UCADGsZOhEWLIkDf1R1dL5Qg
https://www.youtube.com/c/%D8%A3%D8%B3%D8%B1%D8%A7%D8%B1%D9%84%D9%8A%D8%B3%D8%AA%D9%84%D9%84%D8%AC%D9%85%D9%8A%D8%B9/videos,Ø£Ø³Ø±Ø§Ø± Ù„ÙŠØ³Øª Ù„Ù„Ø¬Ù…ÙŠØ¹,10,UCae04BMT_0cbHnFA3_XPdRQ
https://www.youtube.com/channel/UCaeAMYLpUPtJlUgmImU7fQQ/videos,Al9inE,10,UCaeAMYLpUPtJlUgmImU7fQQ
https://www.youtube.com/user/national15995/videos,Ø§ØºØ±Ø¨ ,8,UCAH7rJ_y-y_0Gli4a4oDsJg
https://www.youtube.com/c/eyadqunaibi/videos,Ø§Ù„Ø¯ÙƒØªÙˆØ± Ø¥ÙŠØ§Ø¯ Ù‚Ù†ÙŠØ¨ÙŠ - Ø§Ù„Ù‚Ù†Ø§Ø© Ø§Ù„Ø±Ø³Ù…ÙŠØ©,10,UCahYlNszeMy_PHffYvgAOHg
https://www.youtube.com/c/10FactsAr/videos,10Ø­Ù‚Ø§Ø¦Ù‚,10,UCaI6v-pqk7zA6JaT9vwcnMA
https://www.youtube.com/channel/UCalvmiRUggMGh2X8V_ek9eg/videos,Tariq Moustakim Ø§Ù„Ø·Ø±ÙŠÙ‚ Ø§Ù„Ù…Ø³ØªÙ€Ù‚Ù€ÙŠÙ€Ù…,10,UCalvmiRUggMGh2X8V_ek9eg
https://www.youtube.com/user/mcsallam/videos,mohammad sallam,10,UCAM_LPkKOhFi_KZ0dcbKD2w
https://www.youtube.com/c/AlarefeTV/videos,Ø§Ù„Ù‚Ù†Ø§Ø© Ø§Ù„Ø±Ø³Ù…ÙŠØ© Ù„Ù„Ø´ÙŠØ® Ø¯. Ù…Ø­Ù…Ø¯ Ø§Ù„Ø¹Ø±ÙŠÙÙŠ,10,UCaNS3on9m_7LmSpI2GC65Bw
https://www.youtube.com/c/RayBK/videos,Ray BK,10,UCAP-F-PleZp2Qw1YKwkXsIw
https://www.youtube.com/c/Yakootahworld/videos,Yakootah,10,UCaPZLcI9-mclLGg5cG-pUdQ
https://www.youtube.com/c/AlHadhra/videos,Al Hadhra,10,UCAq7jTXxOSv0WTJ6U9txbGw
https://www.youtube.com/c/Adamillion/videos,Adamillion ,3,UCaT60Vv6B9jpWeynwJOwhEA
https://www.youtube.com/user/platinumrecordsmusic/videos,platinumrecordsmusic,10,UCaTEzQ2l5uvEIVg5diys6dw
https://www.youtube.com/c/MuRawash/videos,Ù…ØµØ·ÙÙŠ Ø§Ø¨Ùˆ Ø±ÙˆØ§Ø´ - Mostafa Abo Rawash,10,UCATj2y1x5Z1YmnoBesGDeKg
https://www.youtube.com/channel/UCAtpKwh-odqy1u9Dpm8su7w/videos,ÙƒÙŠÙƒÙŠ Ù„Ù„Ø§Ø·ÙØ§Ù„ Ø¨Ø§Ù„Ø¹Ø±Ø¨ÙŠ,10,UCAtpKwh-odqy1u9Dpm8su7w
https://www.youtube.com/c/OurFamilyLifeJO/videos,Our Family Life Ø­ÙŠØ§Ø© Ø¹ÙŠÙ„ØªÙ†Ø§,10,UCAU8JhQDfpRsb2GhtIXp_cw
https://www.youtube.com/c/WhatsApp/videos,WhatsApp ,10,UCAuerig2N-RZWJT8x75V9yw
https://www.youtube.com/c/TVFREQUENCIES/videos,TV Frequencies ,6,UCAWpKNtaaE8Zyj58_oYDc5Q
https://www.youtube.com/c/aabes/videos,Ø¹Ø§Ø¨Ø³,10,UCAXU9P5xDWa4xZboXm_5c0g
https://www.youtube.com/c/ToniQattan/videos,Toni Qattan,10,UCb23vackfc1hFPjCXvGHXaQ
https://www.youtube.com/c/HumoodAlkhudher/videos,Humood AlKhudher Ø­Ù…ÙˆØ¯ Ø§Ù„Ø®Ø¶Ø± ,7,UCB9Iev_eM4rQBlaaVr0qVxw
https://www.youtube.com/c/AymanAlHafeth/videos,Dexter Mosul,10,UCB9rI5Mitwe_2f8L9xHkTNg
https://www.youtube.com/c/AlBsmehAl3Rbieh/videos,Ø§Ù„Ø¨ØµÙ…Ø© Ø§Ù„Ø¹Ø±Ø¨ÙŠØ© AlBsmehAl3Rbieh,10,UCBaNjo2re9DtT9_baqgxxiA
https://www.youtube.com/c/alissamid/videos,Ali Ssamid l Ø¹Ù„ÙŠ Ø§Ù„ØµØ§Ù…Ø¯,10,UCBDfle26mlwLx4sa3IWIF7Q
https://www.youtube.com/c/SakhniniBrothers/videos,Sakhnini Brothers,10,UCbE1LbJ5l_RgpVRoVafkhOA
https://www.youtube.com/channel/UCBFJsfTOFDbKkkgzCTrEoRQ/videos,AB VIDEO - Ø§ÙŠ Ø¨ÙŠ ÙÙŠØ¯ÙŠÙˆ,9,UCBFJsfTOFDbKkkgzCTrEoRQ
https://www.youtube.com/c/HBOfficiel/videos,H.B Officiel,10,UCBHKkXwnVbyjNnTaTdHeL-Q
https://www.youtube.com/c/Mrandroid18/videos,Mr Android,10,UCbHuecL3pPAeK74iJQRKm6w
https://www.youtube.com/c/YousufAlShamsi/videos,Yousuf AlTajer,10,UCBn__qa-fori_Px9T-_JzNA
https://www.youtube.com/channel/UCBNpdyPuyiJCjgG80J7kO4Q/videos,Al Babyloni Kids,10,UCBNpdyPuyiJCjgG80J7kO4Q
https://www.youtube.com/c/Esseily/videos,Mahmoud El Esseily | Ù…Ø­Ù…ÙˆØ¯ Ø§Ù„Ø¹Ø³ÙŠÙ„ÙŠ ,10,UCboXWKVnkSYVKR2PuXvhR0Q
https://www.youtube.com/channel/UCBpIpe4WOWpz1PAMG5bqS1A/videos,Tuba GÃœLDALI,10,UCBpIpe4WOWpz1PAMG5bqS1A
https://www.youtube.com/user/awakeningrecords/videos,Awakening Music,7,UCBq5hp6DvwWam2XOXw6lYJA
https://www.youtube.com/c/GhorabWS/videos,Ghorab.WS,7,UCBsvm0ponB5oVYwpX3DB72Q
https://www.youtube.com/c/AssalamuAlayka/videos,Ù‚Ù†Ø§Ø© Ø§Ù„Ø³Ù„Ø§Ù… Ø¹Ù„ÙŠÙƒ Ø£ÙŠÙ‡Ø§ Ø§Ù„Ù†Ø¨ÙŠ,10,UCBTKRUZ0I2yz4DqWX2t_gXA
https://www.youtube.com/c/RslanComrslan/videos,The official channel of Sheikh Muhammad bin Saeed Raslan,10,UCbvwLzU45wgAHOqXRQoC11A
https://www.youtube.com/c/AudiolabyAudiobooks/videos,Audiolaby | Ø£ÙˆØ¯ÙŠÙˆÙ„Ø§Ø¨ÙŠ,9,UCBXqqeaEuEW421qTymT55Fw
https://www.youtube.com/channel/UCBYQ2sLmcOwEyabpdbrUm4w/videos,ODiaspora,8,UCBYQ2sLmcOwEyabpdbrUm4w
https://www.youtube.com/c/facts8061/videos,Ø­Ù‚Ø§Ø¦Ù‚ ÙˆØ£Ø³Ø±Ø§Ø± ,10,UCBzrJ1zGf9-0cd5-n7sBraQ
https://www.youtube.com/channel/UCc2_LSKgHiL36BVqAaK1uTQ/videos,KAA,10,UCc2_LSKgHiL36BVqAaK1uTQ
https://www.youtube.com/c/%D8%A7%D8%AC%D8%A7-%D9%85%D9%8A%D8%AF%D9%8A%D8%A7/videos,AJA Media,5,UCC4OggoaSZ301qQ0afEM_zw
https://www.youtube.com/channel/UCc67a3vl1eJXb9rboEpHBtA/videos,BiGSaM Official,10,UCc67a3vl1eJXb9rboEpHBtA
https://www.youtube.com/c/RabieMultimediaChannel/videos,Rabie Multimedia Channel,10,UCC7d2oa0Te1VNvgse7Ek_gQ
https://www.youtube.com/user/Guderdod1/videos,Ø§Ù„Ø¥Ø­ØªØ¨Ø§Ø³ Ø§Ù„Ø­Ø±Ø§Ø±ÙŠ,3,UCc8aTmqEo2FU5YZVBwFhNdA
https://www.youtube.com/user/elshazly412/videos,Yala Fekra ã€‹ ÙŠÙ„Ø§ ÙÙƒØ±Ø©,10,UCCaufAad05pc46_RPDimOhg
https://www.youtube.com/c/%D8%A7%D8%B3%D8%B1%D8%A7%D8%B1%D8%A7%D9%84%D9%85%D8%B9%D8%B1%D9%81%D8%A9/videos,ASRAR ELMAARIFA,10,UCCD9PWiI2XMHECQxNuSSk6Q
https://www.youtube.com/c/YousfiNabil/videos,Yousfi Nabil,10,UCcF2sQZApQzKrUVNqCJzeYQ
https://www.youtube.com/c/Re3aya247/videos,Re3aya247,9,UCCh7e70DcwefJVuA2ta76Sg
https://www.youtube.com/channel/UCcO-U0zbC_E39CzlSotl52Q/videos,Ù…Ø¤Ø³Ø³Ø© Ù…Ø´ÙƒØ§Ø© Ø§Ù„ØªØ¹Ù„ÙŠÙ…ÙŠØ© Ù„Ù„ØªØ¹Ù„ÙŠÙ… Ø¹Ù† Ø¨Ø¹Ø¯,10,UCcO-U0zbC_E39CzlSotl52Q
https://www.youtube.com/channel/UCCqE1kzyVFCOkHcnECTtWbA/videos,Doctor Tarek Copty Ø§Ù„Ø¯ÙƒØªÙˆØ± Ø·Ø§Ø±Ù‚ Ù‚Ø¨Ø·ÙŠ,10,UCCqE1kzyVFCOkHcnECTtWbA
https://www.youtube.com/c/MohamedAssem/videos,Mohamed Assem,6,UCcQYCkJ5j6IGCHcCibB4aYw
https://www.youtube.com/c/MouadElk99/videos,Mouad El Kaddouri,10,UCcsAqU6wK8kilTkN1OgHWdA
https://www.youtube.com/c/PRCeg/videos,Ù†Ø§Ø¯Ù‰ Ø§Ù„Ù‚Ø±Ø§Ø¡Ø© Ø§Ù„Ø¹Ù…Ù„ÙŠØ©,7,UCCsccXP_gdRW44ILUAEe9Aw
https://www.youtube.com/c/ThePartTimeShow/videos,The Part Time Show,10,UCcvreMByHk0HdYXnSjC7bVg
https://www.youtube.com/c/YOUSSEFBRAVO/videos,YOUSSEF BRAVO,9,UCCwGhXowjecDMLli81WXAXA
https://www.youtube.com/channel/UCCYiVP0RrlEOkZHJn1mfzOA/videos,Ù‚Ù†Ø§Ø© Ù…Ø­ÙŠØ·,10,UCCYiVP0RrlEOkZHJn1mfzOA
https://www.youtube.com/c/Shahyn/videos,Shahyn,10,UCD1DtZVfMVP1eVf3aTEwkzg
https://www.youtube.com/channel/UCD1Xr_c9DDhxHRkAkvfH6SQ/videos,M Roky,8,UCD1Xr_c9DDhxHRkAkvfH6SQ
https://www.youtube.com/c/%D8%B9%D9%84%D9%8A%D8%AD%D8%B3%D9%8A%D9%86%D8%A7%D9%84%D8%AF%D9%88%D8%B3%D8%B1%D9%8A/videos,Ù‚Ù†Ø§Ø© Ø¹Ù„ÙŠ Ø§Ù„Ø¯ÙˆØ³Ø±ÙŠ,7,UCd7jUGktfb-CReXTAYKg8YQ
https://www.youtube.com/c/DragonBall00/videos,Rap AR Anime - Ø±Ø§Ø¨ Ø§Ø± Ø§Ù†Ù…ÙŠ,10,UCd7oB0Jm9zcD1bFfDqqscug
https://www.youtube.com/user/makkah/videos,Ø§Ù„Ù‚Ù†Ø§Ø© Ø§Ù„Ø±Ø³Ù…ÙŠØ© Ù„Ø±Ø¦Ø§Ø³Ø© Ø´Ø¤ÙˆÙ† Ø§Ù„Ø­Ø±Ù…ÙŠÙ†,10,UCdAnnrdcG0t8x1qDjVgaIfQ
https://www.youtube.com/c/SkinnyG/videos,Skinny G,10,UCDbbrDk1OlbL9kA85Vctohg
https://www.youtube.com/c/Bundeszentralef%C3%BCrgesundheitlicheAufkl%C3%A4rungBZgA/videos,Bundeszentrale fÃ¼r gesundheitliche AufklÃ¤rung (BZgA),10,UCdbDIUyaDXemK4pfV6fqdcQ
https://www.youtube.com/user/rachadghazal/videos,Rachad Ghazal,10,UCDErd9yiPnLuOVHbOONudEw
https://www.youtube.com/channel/UCdeSkxQ-YStI8bAYUiismbA/videos,Ù…ÙˆØ¯ÙŠ Ø§Ù„Ø¹Ø±Ø¨ÙŠ MOUDY ALARBE,9,UCdeSkxQ-YStI8bAYUiismbA
https://www.youtube.com/c/fortniteme/videos,Fortnite Middle East,9,UCdg8Ku52-UIARPJkcf3AW3A
https://www.youtube.com/channel/UCDH1Ae7z5Tl1nMdYEdIxRbA/videos,Ø£ØµØ¯Ù‚Ø§Ø¡ Ø§Ù„Ù…Ø¹Ø±ÙØ©,8,UCDH1Ae7z5Tl1nMdYEdIxRbA
https://www.youtube.com/channel/UCDL3xuHlK1paxPzXuFF3WDA/videos,glasswing11,10,UCDL3xuHlK1paxPzXuFF3WDA
https://www.youtube.com/channel/UCDlapnHN2alV4sQdjDs7f7A/videos,Studio 31 DZ,10,UCDlapnHN2alV4sQdjDs7f7A
https://www.youtube.com/c/salkini/videos,Ø¯.Ø¥Ø¨Ø±Ø§Ù‡ÙŠÙ… Ø¹Ø¨Ø¯ Ø§Ù„Ù„Ù‡ Ø³Ù„Ù‚ÙŠÙ†ÙŠ,10,UCDMzUCKMs5oSkjg0E3JOnMA
https://www.youtube.com/user/NeverLandPlus/videos,Ø¯ÙŠØ²Ù†ÙŠ Ø¨Ø§Ù„Ø¹Ø±Ø¨ÙŠ,10,UCDO6pjNuNPjyFLEB7RGcsqQ
https://www.youtube.com/c/Boodolf/videos,Boodolf,10,UCdpXeLK1JPWa22pHA-DS-2g
https://www.youtube.com/user/engmahmoudmuslim/videos,Ø°Ù„Ùƒ Ø§Ù„Ø¯ÙŠÙ† Ø§Ù„Ù‚ÙŠÙ…,10,UCDqcgYsaf6L7pKPv5dBkfpg
https://www.youtube.com/c/MuskRecords/videos,Musk Records - ÙØ±ÙŠÙ‚ Ù…Ø³Ùƒ,10,UCDTgpAt_aRfuF7Ewj_rxZ8A
https://www.youtube.com/c/AlfredAnwander/videos,Alfred Anwander,10,UCdtyEp6Ht2DDFDdBfe8LDAg
https://www.youtube.com/channel/UCduXO23t0rIZwjrw078QV4Q/videos,Ø§Ù„Ø¯ÙƒØªÙˆØ± ÙØ¤Ø§Ø¯ Ø§Ù„Ø­Ø§Ø¬ Ø¹Ø«Ù…Ø§Ù† Dr. Fuad Hacosman,10,UCduXO23t0rIZwjrw078QV4Q
https://www.youtube.com/user/DSHATHAa/videos,Five Lights | Ø®Ù…Ø³Ø© Ø£Ø¶ÙˆØ§Ø¡,10,UCdv783_q1FlGPjVUGCjxsqg
https://www.youtube.com/channel/UCdVahC13wceUuMiBM1G7tmg/videos,Ù†ÙˆØ± Ø§Ù„Ø¥Ø­Ø³Ø§Ù†,10,UCdVahC13wceUuMiBM1G7tmg
https://www.youtube.com/c/PrinzDZ/videos,Riyad Mahrez News,10,UCdviLHtzIVMK0UYGeH8FsPQ
https://www.youtube.com/c/Meloncityshow/videos,ÙˆÙ„Ø§ÙŠØ© Ø¨Ø·ÙŠØ® | Melon City Show,10,UCDwbDyYQGQuLcyr0_gv1IeQ
https://www.youtube.com/channel/UCdYsP9vCuoE0Otu42XTJTFw/videos,Ø¥Ø´Ù‡Ø§Ø±Ø§Øª Ø¬Ø²Ø§Ø¦Ø±ÙŠØ©|publicitÃ©s algÃ©rie,10,UCdYsP9vCuoE0Otu42XTJTFw
https://www.youtube.com/c/qawfelal3a2eden/videos,Ù‚ÙˆØ§ÙÙ„ Ø§Ù„Ø¹Ø§Ø¦Ø¯ÙŠÙ† Ø¥Ù„Ù‰ Ø§Ù„Ù„Ù‡ ,9,UCdZHADtuHbv1lfhctgZk8-Q
https://www.youtube.com/channel/UCe0lAsjkfN1dni5XTIypi3A/videos,Dr.salem bashumel,10,UCe0lAsjkfN1dni5XTIypi3A
https://www.youtube.com/c/3shwa2yatTV/videos,Ø¹Ø´ÙˆØ§Ø¦ÙŠØ§Øª ,5,UCe1m3ZH68Q8314yqulWHTcw
https://www.youtube.com/c/alfarqadaintv/videos,Ù‚Ù†Ø§Ø© Ø§Ù„ÙØ±Ù‚Ø¯ÙŠÙ† Ø§Ù„ÙØ¶Ø§Ø¦ÙŠØ© ,10,UCE5c9J5naGKvGiH31kdBNYA
https://www.youtube.com/c/JoeHattab/videos,Joe HaTTab,10,UCe6eisvsctSPvBhmincn6kA
https://www.youtube.com/channel/UCEA-EgqKzf-nYhEg4AGsohg/videos,Lella Fadda,10,UCEA-EgqKzf-nYhEg4AGsohg
https://www.youtube.com/channel/UCeEgsle-lrp5hx1lQmjKn0A/videos,ØªÙŠÙ… Ø§Ù„ØµÙˆØ§Ø±ÙŠØ® - Team El Swarekh,10,UCeEgsle-lrp5hx1lQmjKn0A
https://www.youtube.com/user/shadyanwr/videos,shadyanwr,10,UCef-rdpKpG1vLLt86mOiIOA
https://www.youtube.com/user/bd6353/videos,Ù‡Ù…Ø³ Ø§Ù„Ø®Ø¬Ù„,5,UCEFbf_8AaOPSGW2v0DbrtWw
https://www.youtube.com/c/AJplussaha/videos, AJ+ Ø³Ø§Ø­Ø© ,10,UCEg4_mU2CqqtQxWwzL_uh-w
https://www.youtube.com/c/MuhammadYoussefofficial/videos,Mohamed Youssef - Ù…Ø­Ù…Ø¯ ÙŠÙˆØ³Ù,10,UCeHKDFxsQXWxCYO-EXeBl_A
https://www.youtube.com/c/1SHOTProductionHouse/videos,1Shot Production - ÙˆØ§Ù† Ø´ÙˆØª Ù„Ù„Ø§Ù†ØªØ§Ø¬ Ø§Ù„ÙÙ†ÙŠ,10,UCejtaipp8r8C6fBNjkFABMw
https://www.youtube.com/c/SamaShoufani/videos,Sama Shoufani,10,UCEKtZb3MlIBjXTEanYbOIdg
https://www.youtube.com/c/bbcarabic/videos, BBC News Ø¹Ø±Ø¨ÙŠ ,5,UCelk6aHijZq-GJBBB9YpReA
https://www.youtube.com/channel/UCELlD73qXNSLer89raz-nKA/videos,Mohamed Zaki,10,UCELlD73qXNSLer89raz-nKA
https://www.youtube.com/channel/UCeltBmK13nsmOkrZu8-8YYA/videos,Ø§Ù„Ø·Ø§Ù„Ø¨ Ø§Ø¨Ùˆ Ø­Ø³Ø§Ù…,9,UCeltBmK13nsmOkrZu8-8YYA
https://www.youtube.com/c/Algyadaal3lya/videos,Ø§Ù„Ù‚ÙŠØ§Ø¯Ø§Øª Ø§Ù„Ø¹Ù„ÙŠØ§,10,UCen2l1d1rA7YEUw8JVxAfGg
https://www.youtube.com/c/SamaraOfficielle/videos,Samara,9,UCEonTFGPeAX7fmq28pfs6Vg
https://www.youtube.com/c/FadiYounes/videos,Fadi Younes ,5,UCEP0yHA8exEMtY7f_GtYfAA
https://www.youtube.com/channel/UCErJ_1I8GnjxWjVqAGT1x6Q/videos,Ù…Ù†ÙˆØ¹Ø§Øª Ø£Ø¨ÙˆØºØ²Ø§Ù„Ø©,10,UCErJ_1I8GnjxWjVqAGT1x6Q
https://www.youtube.com/channel/UCErUqpoVv5Qu2siuVaoFqiA/videos,Voicat - ÙÙˆÙŠØ³Ø§Øª,9,UCErUqpoVv5Qu2siuVaoFqiA
https://www.youtube.com/c/Haydara/videos,Haydara,10,UCeRUyqbZJWDpY15exgIvFCg
https://www.youtube.com/channel/UCesHdtGtPgVJfvcj-E060LA/videos,Ù…Ø«Ù…Ø± Ùˆ Ù…ÙÙŠØ¯,7,UCesHdtGtPgVJfvcj-E060LA
https://www.youtube.com/c/SudaneseNews/videos,Ø§Ø®Ø¨Ø§Ø± Ø§Ù„Ø³ÙˆØ¯Ø§Ù† Ø§Ù„Ø³ÙŠØ§Ø³ÙŠØ© ÙˆØ§Ù„Ø±ÙŠØ§Ø¶ÙŠØ© âš½ Sudanese NewsğŸŒ,10,UCEvi4cpKguXHwNBpAG_7cMg
https://www.youtube.com/c/IbnAlIsalm/videos,IbnAlIslam,10,UCEY7hWTLCEhHzY5IMWwjwhg
https://www.youtube.com/channel/UCezzgfySwb2mDAQn8OakGSg/videos,Dina Azar,8,UCezzgfySwb2mDAQn8OakGSg
https://www.youtube.com/c/LED11/videos,LED ,10,UCf-nYFgoDYdVFCM0hGezqSg
https://www.youtube.com/c/KhalidSiddeeq/videos,Khalid Siddeeq,9,UCF1QkOrhIPdfQgIlEKIKMoQ
https://www.youtube.com/channel/UCf5IoQ-CBchyOrMvDZ7kcww/videos,Ù…Ø­Ù…Ø¯ Ø´Ø¹Ø¨Ø§Ù† mohamed shaban SJ9,10,UCf5IoQ-CBchyOrMvDZ7kcww
https://www.youtube.com/c/SamehGhanem1/videos,Sameh Ghanem,10,UCF6T3BGLadnQB-6tLJamfEg
https://www.youtube.com/channel/UCF8IUGwx5kUBlsfNUPdhpkQ/videos,Rvbe7,10,UCF8IUGwx5kUBlsfNUPdhpkQ
https://www.youtube.com/channel/UCF9Wz2MNPt6WsYu6YquAHrQ/videos,Ø§ÙˆØªØ§ÙƒÙˆ Ø³ØªØ§Ø±Ø² otaku stars,9,UCF9Wz2MNPt6WsYu6YquAHrQ
https://www.youtube.com/c/Aromastudios/videos,Aroma Studios,10,UCfAMQS8BxaImghGpkAkE11A
https://www.youtube.com/user/KhanAcademyArabi/videos,KhanAcademyArabi,10,UCfF2dJcCCXm6sVT-daQQz5Q
https://www.youtube.com/c/HwaKco/videos,Ø¥ÙØ§Ø¯Ø©,10,UCFF89SxMK9B7pKGqN1jQ_og
https://www.youtube.com/c/HayaSweid/videos,Shadi & Haya Family,10,UCFgZBEk81--4w7RHyZADaPg
https://www.youtube.com/c/FreeMusicEgypt/videos,"Free Music ""Nasr Mahrous"" ",10,UCFHO4UajO7sADTOhOQTqqag
https://www.youtube.com/channel/UCFiiEMCsRd5PV1Ubb4vkTmw/videos,Terveyden ja hyvinvoinnin laitos,10,UCFiiEMCsRd5PV1Ubb4vkTmw
https://www.youtube.com/c/DesignHolicbyNash/videos,Design Holic - by Nash,8,UCFNcs7OGKnD6N1LZbAKePhg
https://www.youtube.com/c/NizarZgheib/videos,Nizar Zgheib,10,UCfNSHIKjtqD4igi5IyjwPPg
https://www.youtube.com/c/AshashaS3/videos,AshashaS,9,UCFqMjfsMMyBxd7WsyOPhTGQ
https://www.youtube.com/c/%D9%83%D8%AA%D8%A7%D8%A8%D9%88%D9%87%D9%85%D8%A7%D9%84%D8%A7%D9%84%D8%AD%D8%A7%D8%AF/videos,The Atheism Delusion book,10,UCfqY2LAUeQsscxvbajx3JHg
https://www.youtube.com/channel/UCFtGTJo1VnLXZoFgFIrc3xg/videos,Ù‚ØµØµ Ù…Ù† Ø§Ù„ÙˆØ§Ù‚Ø¹,10,UCFtGTJo1VnLXZoFgFIrc3xg
https://www.youtube.com/channel/UCfxztGiqnVCYmnegRXoQ6xQ/videos,Sapry & Askar ØµØ¨Ø±ÙŠ Ùˆ Ø¹Ø³ÙƒØ±,10,UCfxztGiqnVCYmnegRXoQ6xQ
https://www.youtube.com/user/hussain20077777/videos,ÙƒÙ„Ù…Ø§Øª,10,UCfyB5YPHzxfT8oa82KnGUlw
https://www.youtube.com/c/OmarHuss/videos,Ø¹Ù…Ø± Ø­Ø³ÙŠÙ†,9,UCfYhred1lqYVryvzw-mAl9w
https://www.youtube.com/c/DisneyArabiaOfficial/videos,Disney Arabia,10,UCG5ep1qLjrYNUQ2mInw3JYw
https://www.youtube.com/c/AdelTayeh/videos,Adel Tayeh,10,UCg7M4VZQYZ7IfAXQVtluusw
https://www.youtube.com/channel/UCG8cyw6yLbNKGPlpP9BUx7w/videos,Wad Almzad ÙˆØ¯ Ø§Ù„Ù…Ø²Ø§Ø¯,10,UCG8cyw6yLbNKGPlpP9BUx7w
https://www.youtube.com/c/RandoLoisirsClubOfficial/videos,Rando Loisirs Travel,10,UCGA_n76Va1T4CJfH867zLFg
https://www.youtube.com/channel/UCga9JMZxaQuNiJL4fy6Jh_A/videos,BINGBONG Studios,10,UCga9JMZxaQuNiJL4fy6Jh_A
https://www.youtube.com/channel/UCgbAh2TtJgKH97-TGM6FY6A/videos,Oddity today,10,UCgbAh2TtJgKH97-TGM6FY6A
https://www.youtube.com/c/ROCKResourcesKINGofGLORY/videos,KING of GLORY the Movie,10,UCGbIR9SwByUdLHaqRWGtdmA
https://www.youtube.com/channel/UCgFRkXHwKbPN332qosOqiVQ/videos,ØµÙˆØª ÙÙŠ Ø§Ù„ØµØ­Ø±Ø§Ø¡,10,UCgFRkXHwKbPN332qosOqiVQ
https://www.youtube.com/c/AhmedSantaa/videos,Ahmed Santa,10,UCGgmdloS8BqytFLAf1afN1A
https://www.youtube.com/c/nassima2010D/videos,nassima 2010,10,UCGKI00Yh4P1gEOw8uVVL8vQ
https://www.youtube.com/channel/UCgMVjMajfs7-uJeUgkeSwoQ/videos,DrSlim,10,UCgMVjMajfs7-uJeUgkeSwoQ
https://www.youtube.com/c/uber/videos,Uber,10,UCgnxoUwDmmyzeigmmcf0hZA
https://www.youtube.com/c/mustafasaadi/videos,mustafa saadi,6,UCgP2yn5u0MdfiQcOWeRovvA
https://www.youtube.com/c/InterestwaterBlogspot1/videos?&ab_channel=InterestWater%7C%D9%81%D9%84%D8%A7%D8%AA%D8%B1%D9%85%D9%8A%D8%A7%D9%87%D9%88%D9%88%D8%AA%D8%B1%D8%A7%D9%86%D8%AA%D8%B1%D8%B3%D8%AA,InterestWater|ÙÙ„Ø§ØªØ± Ù…ÙŠØ§Ù‡ ÙˆÙˆØªØ± Ø§Ù†ØªØ±Ø³Øª,9,UCGrJeplgMLleRS6952ZxfTg
https://www.youtube.com/channel/UCGtMV1pmfIXnzlAkHVg_x1g/videos,Maher Dx,10,UCGtMV1pmfIXnzlAkHVg_x1g
https://www.youtube.com/channel/UCgtygVZ8CAnffhDqwx5FNEw/videos,El Batsh Ø§Ù„Ø¨Ø·Ø´,10,UCgtygVZ8CAnffhDqwx5FNEw
https://www.youtube.com/c/EnjiMaaroufi/videos,Enji Maaroufi,9,UCGULBztaJhfSOdDPQnUKnzw
https://www.youtube.com/channel/UCGWvrerNHKZs26muEuI24QQ/videos,qalam ai,10,UCGWvrerNHKZs26muEuI24QQ
https://www.youtube.com/c/MohammedBinGrman/videos,Mohammed Bin Grman | Ù…Ø­Ù…Ø¯ Ø¨Ù† ØºØ±Ù…Ø§Ù†,10,UCgX2GwQjkXlbcMlw-JaLQPA
https://www.youtube.com/c/%D8%A3%D8%B3%D8%A7%D9%85%D8%A9_%D8%A7%D9%84%D8%A3%D9%86%D8%B5%D8%A7%D8%B1%D9%8A/videos,Osama Alansary,10,UCgyDiW4AsTz1kDrij2OZSPw
https://www.youtube.com/c/FiroAlarbeOfficial/videos,ÙÙŠØ±Ùˆ Ø§Ù„Ø¹Ø±Ø¨ÙŠ,9,UCgYw-wD-Er9-diUR76ZZp4g
https://www.youtube.com/c/DAlmadeheennw/videos,Â© â€«Ø¯Ù„ÙŠÙ„ Ø§Ù„Ù…Ø§Ø¯Ø­ÙŠÙ† Ø§Ù„Ø¥Ù†Ø´Ø§Ø¯ÙŠ Dalel Almadeheenâ€¬â€,10,UCh_QjkVmjPzQ8beBaofDhug
https://www.youtube.com/user/Albyyinah/videos,Ù‚Ù†Ø§Ø© Ø§Ù„Ø¨ÙŠÙ†Ø© Ù„Ù…Ù‚Ø§Ø±Ù†Ø© Ø§Ù„Ø£Ø¯ÙŠØ§Ù† ÙˆØ§Ù„Ø±Ø¯ Ø¹Ù„Ù‰ Ø§Ù„Ø´Ø¨Ù‡Ø§Øª,8,UCh4tVr9X09Cq2o1u3JimzJQ
https://www.youtube.com/channel/UCH5_UozlUHjFI59L5Oh7I6A/videos,Fun Arabic with Luna,8,UCH5_UozlUHjFI59L5Oh7I6A
https://www.youtube.com/c/NourLamloom/videos,Nour Lamloom,8,UCh7er2rJQhW0GvlaHU7id7g
https://www.youtube.com/channel/UCh9K5zWLXzXLHEN0AgLQxfw/videos,Success Team,10,UCh9K5zWLXzXLHEN0AgLQxfw
https://www.youtube.com/c/HanilKRs/videos,Hanil KR,7,UCH9KjOnNooKaD3Hyz0JzgTg
https://www.youtube.com/user/toyorbabytv/videos,toyorbabytv,4,UCHAbNxkU837UAkZ-OPtdUUw
https://www.youtube.com/channel/UChAVSNMqCEPUxZRRXRGO0Qw/videos,TIN NEN,9,UChAVSNMqCEPUxZRRXRGO0Qw
https://www.youtube.com/channel/UChbK9frYaRXPTetHBXMdt-w/videos,Aymen Benzarti,10,UChbK9frYaRXPTetHBXMdt-w
https://www.youtube.com/c/SoloFM/videos,SoloFM ,10,UCHClmIu66Q4Ehb3AI1KOHxg
https://www.youtube.com/c/beyondblue/videos,Beyond Blue Official,10,UChdVDaoJX2jqP95OhXhNT1g
https://www.youtube.com/user/kingtartous/videos,King Recordings ØªØ³Ø¬ÙŠÙ„Ø§Øª Ø§Ù„Ù…Ù„Ùƒ,10,UCHG2kJbIiJOTKdgNFisiWag
https://www.youtube.com/c/VIUMena/videos,Viu MENA,10,UChGvroNE37UqCK3HYXQTS3g
https://www.youtube.com/channel/UCHhDp_Ib08SyNLc6eGG3XKQ/videos,Obada MA,9,UCHhDp_Ib08SyNLc6eGG3XKQ
https://www.youtube.com/channel/UCHiG_2GH_DOzxV3oziHe9JA/videos,Dima Mustafa Sakran,10,UCHiG_2GH_DOzxV3oziHe9JA
https://www.youtube.com/channel/UCHITd2s5ttJ8w-QL9hauBrg/videos,sea7a.com,9,UCHITd2s5ttJ8w-QL9hauBrg
https://www.youtube.com/channel/UChJW2HOHc5eWZi1X9jf9hTQ/videos, Hamza Namira,10,UChJW2HOHc5eWZi1X9jf9hTQ
https://www.youtube.com/c/EgyptianArtsGroupMusic/videos,EAG Music,10,UCHKFC-u2arQsAWtWeZR3PnQ
https://www.youtube.com/channel/UChmD2so6eCjYH_qTY0ai2gQ/videos,firdaws Channel,10,UChmD2so6eCjYH_qTY0ai2gQ
https://www.youtube.com/channel/UChnf7fs7mlfbzsJpwWnJBYA/videos,Nancy Ajram ,10,UChnf7fs7mlfbzsJpwWnJBYA
https://www.youtube.com/c/noorstars/videos,Noor Stars,10,UChOPyo-uWLVi5uO53mSBX-w
https://www.youtube.com/channel/UCHpZ56OgVuVYgHQyPCrFGVA/videos,Ø³ÙŠÙˆÙ Ø¨ØªØ§Ø±Ø©,10,UCHpZ56OgVuVYgHQyPCrFGVA
https://www.youtube.com/c/MarouaneLamharziAlaoui/videos,Marouane Lamharzi Alaoui,10,UCHr_zjenUjU7G1NXegSMHPg
https://www.youtube.com/c/DrWaelAmeen/videos,Dr.WaelAmeen,10,UCHRgLBfoE6Xum3hpCJMmJdw
https://www.youtube.com/channel/UChRlLqUi_3XYwRJyPncWh-Q/videos,Podcast Arabic,10,UChRlLqUi_3XYwRJyPncWh-Q
https://www.youtube.com/c/BezirkZwo/videos,Bezirk Zwo,10,UCHUecaOzrzaNvH9cdUBXz_g
https://www.youtube.com/c/Eivenlight/videos,Ø¢ÙŠÙÙ†Ù„Ø§ÙŠØª,5,UChuQrwACxlFkxmkIjg8Sskw
https://www.youtube.com/channel/UCHWFYzS1mydWw8VFSOETL4Q/videos,Nheb Nkadem Ù†Ø­Ø¨ Ù†Ù‚Ø¯Ù‘Ù…,10,UCHWFYzS1mydWw8VFSOETL4Q
https://www.youtube.com/c/Molotofmusic/videos,Molotof,10,UChx2KJtQ332gWHZDYSC0oVg
https://www.youtube.com/channel/UCHxy2iJRdSe4Vsj3nWt7DcQ/videos,Nagwa Ø¹Ø±Ø¨ÙŠ,10,UCHxy2iJRdSe4Vsj3nWt7DcQ
https://www.youtube.com/channel/UCi0LRhUrjY8tLx7GYFNSo_Q/videos,Dyler | Ø¯Ø§ÙŠÙ„Ø±,10,UCi0LRhUrjY8tLx7GYFNSo_Q
https://www.youtube.com/channel/UCI5fcbKsvY1H13ZAldouRWw/videos,Fetra Center - Ù…Ø±ÙƒØ² ÙØ·Ø±Ø©,10,UCI5fcbKsvY1H13ZAldouRWw
https://www.youtube.com/user/ARAB4LIFE111/videos,Luai Ahmaro Ù„Ø¤ÙŠ Ø£Ø­Ù…Ø±Ùˆ,9,UCI7ksxe5iuncAb8flva1nZQ
https://www.youtube.com/channel/UCiaQxUeKkYvmUtGnoaNWFFA/videos,Sameem Balius,10,UCiaQxUeKkYvmUtGnoaNWFFA
https://www.youtube.com/c/%D9%85%D8%B9%D8%B1%D9%81%D8%A9%D9%81%D9%895%D8%AF%D9%82%D8%A7%D8%A6%D9%820/videos,Ù…Ø¹Ø±ÙØ© ÙÙ‰ 5 Ø¯Ù‚Ø§Ø¦Ù‚,10,UCiBGQy6seOwrCP9eumbvkjA
https://www.youtube.com/channel/UCiBr77RnRbNCo89iEO6Unqg/videos,Nader GH Ø§Ù„ÙƒØ§Ø±Ø«Ø©,10,UCiBr77RnRbNCo89iEO6Unqg
https://www.youtube.com/c/Kahilan0Blogspot1/videos,ÙƒØ­ÙŠÙ„Ø§Ù† Ø£ÙØ¶Ù„ Ø§Ù„Ø´ÙŠÙ„Ø§Øª - kahilan afdal alshailat,10,UCIdX_uJ7e5mUiE0JU5fXPPQ
https://www.youtube.com/c/HassanElShafei/videos,Hassan El Shafei | Ø­Ø³Ù† Ø§Ù„Ø´Ø§ÙØ¹ÙŠ,10,UCieWLZAbnCkHFTLeUjpje6A
https://www.youtube.com/c/ANbilArabiTube/videos,ANbilArabi,10,UCIfJ7pTL71J0Ww2iYy2Bv9g
https://www.youtube.com/c/FaresHemeada/videos,ÙØ§Ø±Ø³ Ø­Ù…ÙŠØ¯Ø© - Fares Hemeada,9,UCIguCSBdaYPQL8gsPva91hA
https://www.youtube.com/channel/UCiistwgZzRrcp0XCPgYLckg/videos,Ø§Ù„Ø±ÙˆØ§ÙŠØ© Ø§Ù„Ø£Ø®Ø±Ù‰,9,UCiistwgZzRrcp0XCPgYLckg
https://www.youtube.com/channel/UCiJhNS4cBKFfUDGeoNBxhuQ/videos,Alouchak Ø§Ù„Ø¹Ø´Ø§Ù‚,10,UCiJhNS4cBKFfUDGeoNBxhuQ
https://www.youtube.com/c/AboElAnwar/videos,Abo El Anwar,10,UCIk0me5V_q_xCLKy4A5UKQA
https://www.youtube.com/c/SukonMedicaltourism/videos,Sukon Medical tourism,9,UCIKJa3Rg5Tb3NJ0dYyVZ-hQ
https://www.youtube.com/channel/UCImv18CYWZvuIUaDxhtAshg/videos,Ta7olat,10,UCImv18CYWZvuIUaDxhtAshg
https://www.youtube.com/c/AhmedMoqaddam/videos,Ø£Ø­Ù…Ø¯ Ù…Ù‚Ø¯Ù…,10,UCiOVH1yptHdYoxxcerWdfIA
https://www.youtube.com/c/%D8%A5%D9%83%D8%AA%D8%B4%D9%817/videos,Ø¥ÙƒØªØ´Ù,10,UCIpIOecF_5O1XeoxeMf_v-g
https://www.youtube.com/channel/UCIuhdZba2ipdYySlg8-1xsQ/videos,Ù…Ø¯ÙŠÙ†Ø© Ù†ÙƒØª,8,UCIuhdZba2ipdYySlg8-1xsQ
https://www.youtube.com/channel/UCiVF1y2_SnPEU6jhUXRzi_w/videos,AYAR | Ø£ÙŠÙ€Ù€Ù€Ù€Ù€Ø§Ø±,10,UCiVF1y2_SnPEU6jhUXRzi_w
https://www.youtube.com/user/anashefnytube/videos,Anas Hefny,10,UCiWvDrqzo3ModFUMJeaT0SQ
https://www.youtube.com/c/KafonTnOfficial/videos,Kafon,10,UCIY5O-yLf1sNyQ0AKXXQMjQ
https://www.youtube.com/channel/UCIzJADE_IUzlmJ6OlTseZAQ/videos,ì• ë¼ìƒ¤,9,UCIzJADE_IUzlmJ6OlTseZAQ
https://www.youtube.com/c/IchraqQamarTV/videos,Ichraq Qamar | Ø¥Ø´Ø±Ø§Ù‚ Ù‚Ù…Ø±,10,UCJ2B5GbwEPzf-Em_Ejzr6jw
https://www.youtube.com/c/KhalidAltweel/videos, Khalid Altweel ,10,UCJ2xDfgsEMsjVfb4dLe2j0w
https://www.youtube.com/c/%D9%85%D9%84%D8%AE%D8%B5%D8%A7%D8%AA%D9%83%D8%AA%D8%A8/videos,Ù…Ù„Ø®ØµØ§Øª ÙƒØªØ¨,9,UCj4VaTMg6WVrOA4SIXtZxxQ
https://www.youtube.com/channel/UCJ738zkiBJnxpDQN-rlLh_A/videos,Maria Qahtan,10,UCJ738zkiBJnxpDQN-rlLh_A
https://www.youtube.com/c/Molham/videos,Molham Ù…ÙÙ„Ù‡ÙÙ…,10,UCjB7x_MvMd8UdBEyfiC29NA
https://www.youtube.com/c/kaheel777/videos,Ø¹Ø¨Ø¯ Ø§Ù„Ø¯Ø§Ø¦Ù… Ø§Ù„ÙƒØ­ÙŠÙ„,9,UCjbEAXhy8db1GD4UmqTiX-Q
https://www.youtube.com/c/mu3azosman/videos,Muaz Osman,7,UCJbrYikmhm0N9jkWK39uc0Q
https://www.youtube.com/c/MohamedRamadan/videos,Mohamed Ramadan I Ù…Ø­Ù…Ø¯ Ø±Ù…Ø¶Ø§Ù†,10,UCJCj2HtcnbOyCj1rmKaxwJg
https://www.youtube.com/channel/UCJdRnkpO-mvBq5VyE9n0scw/videos,Ø§Ù„Ø¹Ù†ØµØ± 14,6,UCJdRnkpO-mvBq5VyE9n0scw
https://www.youtube.com/channel/UCjhHkZdisyyY4BEes2TiBUw/videos,Ø·Ø¨ ØªÙŠÙˆØ¨,10,UCjhHkZdisyyY4BEes2TiBUw
https://www.youtube.com/channel/UCJJ7ZVHlpeUjR5xicctFT3w/videos,Ù†Ø¬ÙˆÙ… Ù„Ø¨Ù†Ø§Ù†,10,UCJJ7ZVHlpeUjR5xicctFT3w
https://www.youtube.com/c/TheStateofJerusalem/videos,The State of Jerusalem,10,UCjLseBqs0jfkODgDDTkAThA
https://www.youtube.com/channel/UCJmxd9BllvhqHJYHmcGtT6Q/videos,Double Zuksh - Ø¯Ø¨Ù„ Ø²ÙˆÙƒØ´,10,UCJmxd9BllvhqHJYHmcGtT6Q
https://www.youtube.com/c/PandaVoiceover/videos,Panda Voiceover,4,UCjRKBYmLqdJLt8dgjYAOaBA
https://www.youtube.com/c/RSHTV/videos,RSH TV,8,UCjUCdfGue7chiiRxHGI8BSw
https://www.youtube.com/c/NetflixMENA/videos,Netflix MENA,3,UCjX3CVVmXkH9k8ilVaNn5MQ
https://www.youtube.com/c/AbdullahAlhussainy/videos,Abdullah Alhussainy,10,UCJXbC8_reqyeklAoA0FZorQ
https://www.youtube.com/c/AmrkhaledNetAmrkhaled/videos,Amr Khaled | Ø¹Ù…Ø±Ùˆ Ø®Ø§Ù„Ø¯,10,UCjxcF4A7pCyWsuJcZOymF_g
https://www.youtube.com/c/NesmaVoiceradio/videos,Nesma Voice Radio Ø±Ø§Ø¯ÙŠÙˆ Ù†Ø³Ù…Ø© ÙÙˆÙŠØ³,10,UCJYtv9bkss4To28xMvjIBgw
https://www.youtube.com/c/Egychology/videos, Egychology - Ø§ÙŠØ¬ÙŠÙƒÙˆÙ„ÙˆØ¬ÙŠ ,9,UCk5OZdnlhjc0DsZrnRUlIeQ
https://www.youtube.com/channel/UCK7A46PGMtm3pGnveDRW72w/videos,Ø§Ø¹Ù…Ø§Ù„ Ø¹Ø§Ø¨Ø³,8,UCK7A46PGMtm3pGnveDRW72w
https://www.youtube.com/c/SalamKatanani/videos,Salam Katanani,7,UCk9TidvjrtSuvlUPh-pq9NQ
https://www.youtube.com/c/ParachuteAdvansedArabia/videos,Parachute Advansed Arabia,10,UCkAFhpO2hIkjw6NAfmVJoUg
https://www.youtube.com/c/BeardBashaa/videos,Karim & Eboo - ÙƒØ±ÙŠÙ… ÙˆØ¥ÙŠØ¨Ùˆ,9,UCKbFq9f9NrAInqiS_hvwE8w
https://www.youtube.com/c/IFADAOFFICIAL/videos,IFADA,9,UCkBZp8tx9ecOfMiNMgc4gNw
https://www.youtube.com/channel/UCKc_ykfhZbTQ6r19mGj8Log/videos,Ola Masoud Ø¹Ù„Ø§ Ù…Ø³Ø¹ÙˆØ¯,9,UCKc_ykfhZbTQ6r19mGj8Log
https://www.youtube.com/channel/UCKeLsZy9YWrETueUNHI3l6w/videos,ØªÙÙƒÙŠØ±,10,UCKeLsZy9YWrETueUNHI3l6w
https://www.youtube.com/user/ammarpot/videos,Al BIG Channel,10,UCkfLDV4VxvA-BJNrYBX6fZg
https://www.youtube.com/c/WezzAMontaser/videos,WezzA Montaser,10,UCkFpPqb9d_5Ap1YFWbsQm7A
https://www.youtube.com/c/%D9%82%D9%86%D8%A7%D8%A9%D8%A7%D8%B3%D9%84%D8%A7%D9%85%D9%8A%D8%A7%D8%AA%D9%82%D8%B1%D8%A2%D9%86%D9%8A%D8%A7%D8%AA/videos,Ù‚Ù†Ø§Ø© Ø§Ø³Ù„Ø§Ù…ÙŠØ§Øª,10,UCkgePuids30gjv6skgL1ISg
https://www.youtube.com/c/moazen19880/videos,Dr. Ahmad Darwish Moazen,10,UCKJkwutGdATNF2aT5cZU2ww
https://www.youtube.com/c/DSB2013/videos,Ø²Ù‡Ø±Ø© Ø§Ù„Ø£Ù…Ù„ The flower of hope,10,UCKLVRKoWyr2heMoUIBda3GA
https://www.youtube.com/c/iyarten/videos,Just Ø¢ÙŠØ©,10,UCKM-aFfCoau8kSUCwmn3x8A
https://www.youtube.com/c/MohamedElsayed325/videos,Mohamed Ahmed Elsayed,9,UCKM-xCr6BAm9NwAzEuyabqg
https://www.youtube.com/c/MediaEmperor/videos,Media Emperor Ø¥Ù…Ø¨Ø±Ø§Ø·ÙˆØ± Ø§Ù„Ù…ÙŠØ¯ÙŠØ§,10,UCkN6A78cxqAUFA0yRkLG3IA
https://www.youtube.com/channel/UCkNnV4rdNjBih3jM0ehoRUQ/videos,Ø­ÙƒØ§ÙŠØ§Øª Ù„ÙˆÙ„Ø§ Ù„Ù„Ø£Ø·ÙØ§Ù„,10,UCkNnV4rdNjBih3jM0ehoRUQ
https://www.youtube.com/c/OmElSeiasa/videos,Om ElSeiasa Ø¨Ø±Ù†Ø§Ù…Ø¬ Ø£Ù… Ø§Ù„Ø³ÙŠØ§Ø³Ø©,7,UCkQ1R6sMjz3C7wA_dajGi2g
https://www.youtube.com/channel/UCKQIefGkPnb0URKnkJdAs6A/videos,Doroob,10,UCKQIefGkPnb0URKnkJdAs6A
https://www.youtube.com/c/MajdiObaid/videos,Dr.Majdi Obaid,10,UCkrBPz4MchfgJBe3pNMIykg
https://www.youtube.com/c/Jannahkorea/videos,jannahkorea ì”ë‚˜ì½”ë¦¬ì•„,5,UCKs8yIkwVqGiWD9UegwN2cw
https://www.youtube.com/c/marahworld/videos,Marah World - Ø¹Ø§Ù„Ù… Ù…Ø±Ø­,10,UCkt2A4st8CZl8ZHgDRCvNmQ
https://www.youtube.com/channel/UCkToh0AM-mn01WOT2TFR6JQ/videos,Assala Nasri,9,UCkToh0AM-mn01WOT2TFR6JQ
https://www.youtube.com/user/RefugeesOfRap/videos,Refugees Of Rap,10,UCkW12T9A3zjXsw3gxEWGUxg
https://www.youtube.com/user/eltrcweb/videos,Ø§Ù„Ø¥Ø¯Ø§Ø±Ø© Ø§Ù„Ø¹Ø§Ù…Ø© Ù„Ù…Ø±ÙƒØ² Ø§Ù„ØªØ¯Ø±Ø¨ Ø§Ù„Ø¥Ù„ÙƒØªØ±ÙˆÙ†ÙŠ,10,UCkwx5CEFv41guruDiNzw3Cw
https://www.youtube.com/channel/UCkx_vYKnQ6YUNTTmvNVrnRw/videos,Eldab3 Ø§Ù„Ø¶Ø¨Ø¹,10,UCkx_vYKnQ6YUNTTmvNVrnRw
https://www.youtube.com/c/SamiAlbatati/videos,Ø³Ø§Ù…ÙŠ Ø§Ù„Ø¨Ø·Ø§Ø·ÙŠ,10,UCL-6HAx3MFwVyBQu4XqQv1Q
https://www.youtube.com/user/tifa83mm/videos,Mawlana,10,UCl0ePyvyY9vSmmVG_-Mdp0g
https://www.youtube.com/c/ALMunthirSaffan/videos,Al-Munthir Saffan,10,UCL27oWaffjCRG4c6q0HBC2A
https://www.youtube.com/channel/UCl3nMSWrD-z4g8a5yuvCurw/videos,Ù‡Ø§Ø´ØªØ§Ù‚ Hashtag ,10,UCl3nMSWrD-z4g8a5yuvCurw
https://www.youtube.com/c/SANDYOFFICIALCHANNEL/videos,SANDY ,10,UCL7mOrZx0et1qEiX5f4HUeg
https://www.youtube.com/c/fooqalsada/videos,fooqalsada,10,UClBz0XaIv9muwI2T3UVIwGw
https://www.youtube.com/channel/UCLc6nuMR6N-W3j4LqvMFb_A/videos,Mohab Tarek,10,UCLc6nuMR6N-W3j4LqvMFb_A
https://www.youtube.com/channel/UCldw52FzyIcYgOXASVlFxPA/videos,Habaybna Dot Net,10,UCldw52FzyIcYgOXASVlFxPA
https://www.youtube.com/c/EMC_4all/videos,Ù…ØµØ±ØªÙŠÙˆØ¨,10,UCLEsBjwLuG5qEOZ7QtbCYRg
https://www.youtube.com/channel/UClFmTHHus4E7e6Pw34a0bfw/videos,wrikattofficial,9,UClFmTHHus4E7e6Pw34a0bfw
https://www.youtube.com/channel/UCLFxhG3-8bloS720P9YXKcQ/videos,Ø§Ù„Ø¹Ù„Ù… Ù†ÙˆØ±,10,UCLFxhG3-8bloS720P9YXKcQ
https://www.youtube.com/channel/UClh8_L2LVJqlGC9on8rT6kA/videos,Mohammad Drweesh,10,UClh8_L2LVJqlGC9on8rT6kA
https://www.youtube.com/c/feqwix/videos,feqwix,10,UCLHyzSNMJZVtQaBs9uWO4vA
https://www.youtube.com/channel/UClIjKh_JzA8Vgr0v6UqwdPQ/videos,Eatglobe L.,10,UClIjKh_JzA8Vgr0v6UqwdPQ
https://www.youtube.com/c/AmericanHeart/videos,American Heart Association,10,UCLiWQk8JzhNRcNiDKk4dpaw
https://www.youtube.com/channel/UCLj8UFOcdFrvlh24Lw7jrgA/videos,Ø¯. Ù‡ÙŠØ«Ù… Ø·Ù„Ø¹Øª Dr. Haitham Talaat,10,UCLj8UFOcdFrvlh24Lw7jrgA
https://www.youtube.com/c/BrownTV/videos,BrownTV,10,UCLNd-tDttDqQPQF2SLvVhIA
https://www.youtube.com/c/Gultrahsoundsystemofficiel/videos,Gultrah Sound System Official,10,UClnDsmzqa2nyyHfqwOs2Pzw
https://www.youtube.com/c/Abdullah615/videos,Abdulla,10,UCLNvTMlOUxyAyIrlj1nlFiA
https://www.youtube.com/channel/UCLOBpsG-SmMecY-4VRfs1eg/videos,Abd Elhamed Pro,10,UCLOBpsG-SmMecY-4VRfs1eg
https://www.youtube.com/user/amouddoutv/videos,Amouddou TV | HD | Ù‚Ù†Ø§Ø© Ø§Ù„Ø£ÙÙ„Ø§Ù… Ø§Ù„ÙˆØ«Ø§Ø¦Ù‚ÙŠØ© Ø£Ù…ÙˆØ¯Ù‘Ùˆ,10,UCLOXkeB6lLqjmqngg5uM2CQ
https://www.youtube.com/c/Netzgeschichten/videos,Netzgeschichten,10,UCLp49LH9EQJjbMJPqRKkBXQ
https://www.youtube.com/channel/UClpx3Wo_sJ-M0rrXOKlnSRA/videos,Marocopedia Ø¹Ø±Ø¨ÙŠ,5,UClpx3Wo_sJ-M0rrXOKlnSRA
https://www.youtube.com/channel/UCLQfjaLnZhDvjG-ajaeF9Qw/videos,Ø£Ø¬ÙŠ ØªØ¹Ø±Ù \ Aji Te3raf,7,UCLQfjaLnZhDvjG-ajaeF9Qw
https://www.youtube.com/channel/UClSDnNBxh1ukCHuo0s3tPMg/videos,TalkBubble,10,UClSDnNBxh1ukCHuo0s3tPMg
https://www.youtube.com/c/%D9%82%D9%86%D8%A7%D8%A9%D8%A7%D9%81%D9%83%D8%A7%D8%B1%D9%8A%D9%86%D9%88/videos,Afkareno,9,UClSR6-Fk9NMZAhRG5EZ58mA
https://www.youtube.com/c/Mktbte/videos,Ù…ÙƒØªØ¨ØªÙŠ,10,UClTpEOlzRS7uEiLnjKuoihQ
https://www.youtube.com/channel/UCLvwoETV0fZfeAk85HEqQ4Q/videos,abdo hassan,10,UCLvwoETV0fZfeAk85HEqQ4Q
https://www.youtube.com/c/goodlife101/videos,Ù…ØµØ§Ø¨ÙŠØ­ Ø§Ù„Ù…Ø¹Ø±ÙØ©,10,UCM-rBfoZe2axCj6qkW_Zw5w
https://www.youtube.com/c/RipplesQuestionMarks/videos,Ripples,10,UCM0kS9NuLHU-MVfWfi643eA
https://www.youtube.com/c/LinkoBenz/videos,Linko,10,UCm5VWa6hIDW88dDo-bmnZxQ
https://www.youtube.com/c/SRimey/videos,Salma Osman,9,UCM7ksqsk1g1SV43AUd1Xpiw
https://www.youtube.com/c/Crocheto/videos,ÙƒØ±ÙˆØ´ÙŠÙ‡ ÙƒØ±ÙˆØ´ÙŠØªÙˆ - Crocheto Crochet,10,UCmaytXMSTXVgg95j0NPWilQ
https://www.youtube.com/c/shabdallakamelofficial/videos,Sheikh Abdullah Kamel | Official Channel | Ø§Ù„Ø´ÙŠØ® Ø¹Ø¨Ø¯Ø§Ù„Ù„Ù‡ ÙƒØ§Ù…Ù„,10,UCmb05qivP5akVlpmzIaie4w
https://www.youtube.com/channel/UCmbF-0iMPxfQgVCu2yhH_LQ/videos,Ø§Ù„ÙÙ„Ú¾ÙÙ…Ù Ø±ÙØ¶ÙÙ€ÙØ§Ú¯ Û†ÙØ§Ù„Ø¬ÙÙ€Ù†ÙÙ‘Ù€Û,10,UCmbF-0iMPxfQgVCu2yhH_LQ
https://www.youtube.com/c/SynergyTM/videos,Synergy ØªØ§Ù…Ø± Ù…Ø±Ø³ÙŠ,10,UCmgbOjLSiYzGJ7GNSnNJLXA
https://www.youtube.com/channel/UCMhjMVL_2zXRjMGzD43ZbUw/videos,Ù…Ù‡Ù†Ø¯ Ù…Ù†Ù‚Ø°,10,UCMhjMVL_2zXRjMGzD43ZbUw
https://www.youtube.com/channel/UCmkbv4A7ABzNSKOtAOlintA/videos,Between Crescents Ø¨ÙŠÙ† Ù‡Ù„Ø§Ù„ÙŠÙ†,10,UCmkbv4A7ABzNSKOtAOlintA
https://www.youtube.com/c/shaikhAdnanIbrahim/videos,Adnan Ibrahim,8,UCMkgz4L22HV3e-1yy9zlYPg
https://www.youtube.com/c/manalalalem/videos,Manal Alalem,9,UCMM7pqZRzJIWk-YZiH5eKIg
https://www.youtube.com/channel/UCmMcOjsVehVlEOteyrhjI2Q/videos,Alafasy,10,UCmMcOjsVehVlEOteyrhjI2Q
https://www.youtube.com/c/Roopooh/videos,Roo pooh,10,UCmN1i-O8AI1Jvsig6lBE82Q
https://www.youtube.com/c/NabilAlzein/videos,Nabil Alzein,6,UCmNqE3ipJZZhOGta19ZwnfA
https://www.youtube.com/c/zSHOWz/videos,zSHOWz ,7,UCMnsS0onDu4KKLcDWGl3bWA
https://www.youtube.com/channel/UCMNZqvP-v1bRciq47llCLJg/videos,We Tv,7,UCMNZqvP-v1bRciq47llCLJg
https://www.youtube.com/c/Niile/videos,Niile ,10,UCMP9AcvvDyLzULP4vfaqN0Q
https://www.youtube.com/channel/UCmPewyRq8eJF9qeKjO5TGmA/videos,Ù‚Ù†Ø§Ø© Ø·ÙŠÙ,10,UCmPewyRq8eJF9qeKjO5TGmA
https://www.youtube.com/user/morningwithGodclips/videos,Ø¨Ø±Ù†Ø§Ù…Ø¬ Ø¥Ù„ÙŠÙƒ Ø£Ø¨ÙƒØ±,6,UCmQJuL0AAj9E78a0SdmkdoQ
https://www.youtube.com/c/REDAELWAHABI/videos,REDA EL WAHABI,10,UCmsyZt6DsYqa6KEZSDRd83w
https://www.youtube.com/channel/UCMvXQ6JCXvz16ZNTFq9AKjw/videos,Banana Cartoon Ø¨Ø§Ù„Ø¹Ø±Ø¨ÙŠ,10,UCMvXQ6JCXvz16ZNTFq9AKjw
https://www.youtube.com/c/%D8%AA%D9%83%D8%AA%D9%8A%D9%83%D8%A7%D8%AA%D8%A7%D9%84%D9%81%D9%88%D8%AA%D8%A8%D9%88%D9%84%D9%8A%D8%B3%D8%AA%D8%A7/videos,ØªÙƒØªÙŠÙƒØ§Øª Ø§Ù„ÙÙˆØªØ¨ÙˆÙ„ÙŠØ³ØªØ§,10,UCMxBPxrM-qi-796iYcA3Zyg
https://www.youtube.com/c/EntaMinWein/videos,Enta Min Wein,10,UCMYtY0YHo_k7fEURsEwvrgw
https://www.youtube.com/channel/UCmzdtVGc-0NqQfYHw1O1v1Q/videos,YAHIA,10,UCmzdtVGc-0NqQfYHw1O1v1Q
https://www.youtube.com/c/MustafaAlRubaie/videos,Mustafa Al Rubaie - Ù…ØµØ·ÙÙ‰ Ø§Ù„Ø±Ø¨ÙŠØ¹ÙŠ,10,UCn_ok_uwKbwc4-6U7-r0YZg
https://www.youtube.com/user/LaTiFa/videos,Latifa Al Tunisia,10,UCN0APTHRcIO4ffwaK2FMmRA
https://www.youtube.com/user/strieoalex/videos,Ø§Ù„Ø·Ø¨ Ø§Ù„Ø¨Ø¯ÙŠÙ„ ÙˆÙÙˆØ§Ø¦Ø¯ Ø§Ù„Ø§Ø¹Ø´Ø§Ø¨,10,UCn4TSyP5BnZnTgoeIyLh3Zw
https://www.youtube.com/c/estafed1/videos,estafed1,10,UCN5s77YaDBEttuBoh41Jtyw
https://www.youtube.com/c/AsemALNawafleh/videos,Assem AL Nawafleh,10,UCnCGyo9bpZz1Q9085cVAozA
https://www.youtube.com/channel/UCnCXQbOl1SptP7BEcXvF4Xw/videos,ÙˆØµÙØ§Øª Ù„Ø§Ø±ÙŠÙ†Ø§,10,UCnCXQbOl1SptP7BEcXvF4Xw
https://www.youtube.com/channel/UCnF__4MH_70Z8iypVhtALFA/videos,Pencil Creative - Ø¨ÙŠÙ†Ø³Ù„,7,UCnF__4MH_70Z8iypVhtALFA
https://www.youtube.com/user/AMobq8/videos,Abdullahtrilltv,10,UCnFz6UIuzR1m29RPApd5TfA
https://www.youtube.com/channel/UCngY1dGAfuUIQVhWUx_Rulw/videos,ÙØªØ§ÙˆÙ‰ & Ù‡Ø¯Ø§ÙŠØ§Øª,7,UCngY1dGAfuUIQVhWUx_Rulw
https://www.youtube.com/channel/UCNHkDDXqyCZUS_nAL1Uo9Qw/videos,Ù…Ù†ØµØ© Ø±Ø§ÙˆÙŠØªÙŠ,8,UCNHkDDXqyCZUS_nAL1Uo9Qw
https://www.youtube.com/c/Ski7OfficialChannel/videos,Beardbasha Ø¨ÙŠØ±Ø¯Ø¨Ø§Ø´Ø§,10,UCNHZ-givlYm8HgPA4M2Ygnw
https://www.youtube.com/user/yadvashemarabic/videos,yadvashemarabic,10,UCNIjOxGc8eMerKSn1_ZDG-Q
https://www.youtube.com/c/EGoMusicCreation/videos,EGo Music Creation,8,UCNJ_xu0og9V5X6TdEHLO8yA
https://www.youtube.com/c/notiti-ar/videos,Ù‚Ù†Ø§Ø© Ù†ÙˆØªÙŠØªÙŠØ§,9,UCnj8VhMd7b2x3k59_vwe4TQ
https://www.youtube.com/channel/UCnLHtL8LlTDpoVFdugF3R0Q/videos,HELLSING - Ù‡Ù„Ø³Ù†Ù‚,10,UCnLHtL8LlTDpoVFdugF3R0Q
https://www.youtube.com/channel/UCnlLgf2Mx-cISfQEh1HRtNA/videos,Vandeta 9 official,10,UCnlLgf2Mx-cISfQEh1HRtNA
https://www.youtube.com/c/Sharmoofers/videos,Sharmoofers ,10,UCNMUETJLeayRYJ4JAQKet6w
https://www.youtube.com/channel/UCNNJ9XBAqm9_ZXTazI3dWGg/videos,Dr Mostafa Gamal - Ù…ØµØ·ÙÙ‰ Ø¬Ù…Ø§Ù„,5,UCNNJ9XBAqm9_ZXTazI3dWGg
https://www.youtube.com/c/ajplusarabi/videos,AJ+ Ø¹Ø±Ø¨ÙŠ,6,UCnVGseMUtv2yFNC-dQ2JdSw
https://www.youtube.com/channel/UCNwb5VKzs1t2odeAEcjugaw/videos,ersem_ma3ana,10,UCNwb5VKzs1t2odeAEcjugaw
https://www.youtube.com/c/%D8%A7%D8%B3%D8%AA%D8%B1%D8%A7%D8%AA%D9%8A%D8%AC%D9%8A%D8%A7%D8%AA%D8%AA%D9%8A%D9%88%D8%A8/videos,Tube strategies,6,UCNzNlfxNCVaZUmRFIPL0XEg
https://www.youtube.com/channel/UCo0yK6qwx8MN3bAS84BCHKQ/videos,Ù…Ø³Ù„Ù… - Muslim,10,UCo0yK6qwx8MN3bAS84BCHKQ
https://www.youtube.com/c/NassifZeytoun/videos,Nassif Zeytoun,10,UCO4AjeljgqgiowEf2yfvYHg
https://www.youtube.com/channel/UCOaP50_D9U_iORTM7Lmtu_w/videos,The Perforating Light - Ø§Ù„Ø¶ÙˆØ¡ Ø§Ù„Ø«Ø§Ù‚Ø¨,10,UCOaP50_D9U_iORTM7Lmtu_w
https://www.youtube.com/c/%D8%AF%D8%A7%D9%85%D8%A8%D9%84%D8%B2%D9%88%D8%AA%D9%81%D8%A7%D8%AD%D8%A9/videos,Ø¯Ø§Ù…Ø¨Ù„Ø² Ùˆ ØªÙØ§Ø­Ø©,10,UCObTskEeifwr5hFqrnC2E8g
https://www.youtube.com/c/HananGobran/videos,Hanan Gobran,10,UCOcSmHG6DLhBK-QQlFpTzuQ
https://www.youtube.com/c/%D9%85%D8%B5%D8%B7%D9%81%D9%8917/videos,#Ù…ØµØ·ÙÙ‰17 #Mostafa17,9,UCOdiCU5oyhE6OTYTY8UawMg
https://www.youtube.com/channel/UCOdRdAUuHSHNcBtYP50-9_A/videos,Mohamed Waheed - ÙˆØ­ÙŠØ¯,10,UCOdRdAUuHSHNcBtYP50-9_A
https://www.youtube.com/channel/UCoECROSCB-NP00j9AWV2xeg/videos,ØªØ¯Ø§Ø±Ø³ Ù„Ù„ØªØ¹Ù„ÙŠÙ… Ø§Ù„Ù…ÙØªÙˆØ­,10,UCoECROSCB-NP00j9AWV2xeg
https://www.youtube.com/channel/UCofmrzzjWXkIi_WYsSS_k4g/videos,Ø£Ø¨ÙŠØ¶ Ùˆ Ø£Ø³ÙˆØ¯,8,UCofmrzzjWXkIi_WYsSS_k4g
https://www.youtube.com/user/elsobkyforfilm/videos,Ø§Ù„Ø³Ø¨ÙƒÙŠ Ù„Ù„Ø§Ù†ØªØ§Ø¬ Ø§Ù„Ø³ÙŠÙ†Ù…Ø§Ø¦ÙŠ - ELSOBKY ,8,UCog_OCIsfABgX_e9OPZaeoQ
https://www.youtube.com/c/AlMuhager/videos,Al-Muhager,10,UCoGki9UR6AjVbK6ksweju6A
https://www.youtube.com/channel/UCOgPWxyQctD3QaS41soEPCQ/videos,Ù…Ù„Ù Ù…ÙØªÙˆØ­,10,UCOgPWxyQctD3QaS41soEPCQ
https://www.youtube.com/user/ApothekenUmschauTV/videos,Apotheken Umschau,10,UCoHk4ywu_5PakaJwVc6vO1Q
https://www.youtube.com/c/DreamsClips2012/videos,Dreams Clips,10,UCOJCqygi8TlWi5k78gMhhrQ
https://www.youtube.com/channel/UCokhouEcwFerhslnAMPT7-g/videos,Ananas Ø£Ù†Ø§Ù†Ø§Ø³,10,UCokhouEcwFerhslnAMPT7-g
https://www.youtube.com/c/MJABIDM/videos,mJABiDm,9,UCoLasY2GmcXuYwPpLK-OV4w
https://www.youtube.com/user/QuranTranslate/videos,QuranTranslate,10,UColjWvzOxaDiU74l_Nos9Vg
https://www.youtube.com/channel/UCOOAWOh8iRJId3GgU3eqJGA/videos,Ø£Ø¹Ù„Ø§Ù… ÙˆØªØ§Ø±ÙŠØ® Flags & History,10,UCOOAWOh8iRJId3GgU3eqJGA
https://www.youtube.com/channel/UCoRfeiEkMhcUlPj3273djuA/videos,ÙˆÙŠÙƒÙŠ Ø¹Ù„Ù… Wiki Elm I,10,UCoRfeiEkMhcUlPj3273djuA
https://www.youtube.com/kachelarecords/videos,Muslim Ù…Ø³Ù„Ù…,10,UCorJO8dvFhfPLXsLfonUrTw
https://www.youtube.com/c/JedComedyClub/videos,Alcomedy Club,9,UCoRsNDEn0uunM-2KFQBtQdg
https://www.youtube.com/c/EddirasaSite/videos,Ù…ÙˆÙ‚Ø¹ Ø§Ù„Ø¯Ø±Ø§Ø³Ø© Ø§Ù„Ø¬Ø²Ø§Ø¦Ø±ÙŠ,10,UCoTrWXYButczLHOxLVebt9w
https://www.youtube.com/channel/UCOu8z_GJLhEJXidx9jIRy2g/videos,Emzee - Ø¥Ù… Ø²ÙŠ,10,UCOu8z_GJLhEJXidx9jIRy2g
https://www.youtube.com/c/mate3thehnk/videos,Mind Amusement ! Ù…ØªØ¹ Ø°Ù‡Ù†Ùƒ,9,UCOUoaYk2G9S4Q4r_R8tSHdw
https://www.youtube.com/user/roxy36y/videos,Ø´Ùˆ Ø¹Ù… ØªØ­ÙƒÙŠ,10,UCOV1m8MU8_xCPIHkpZeGkQQ
https://www.youtube.com/channel/UCoWIQ8UbCCBSFgMdDDtopSg/videos,HOAATech,9,UCoWIQ8UbCCBSFgMdDDtopSg
https://www.youtube.com/c/%D8%A3%D9%86%D8%AF%D9%84%D8%B3%D9%8A%D8%A9/videos,Ø£Ù†Ø¯Ù„Ø³ÙŠØ©,10,UCOy3NAqLwnMssR83tTgYJ-g
https://www.youtube.com/c/LebanesePark/videos,Lebanese Park,10,UCoz74vcruusxrRx4W84eBuA
https://www.youtube.com/user/toyoraljanahtv/videos, Ù‚Ù†Ø§Ø© Ø·ÙŠÙˆØ± Ø§Ù„Ø¬Ù†Ø© | toyoraljanahtv ,7,UCozAuGJZ5MPoijz8IE_1Gtw
https://www.youtube.com/c/raeymasmo3/videos,Ø±Ø£ÙŠ Ù…Ø³Ù…ÙˆØ¹,10,UCP2HgvIjhXpPoEQAupdRt_w
https://www.youtube.com/channel/UCP8-wtdMjoRvxJYbdyjAo7Q/videos,ProphetsStory Ù…Ù† ÙˆØ­ÙŠ Ø§Ù„Ù†Ø¨ÙˆØ©,10,UCP8-wtdMjoRvxJYbdyjAo7Q
https://www.youtube.com/channel/UCPal_v5z5EEbde6D06dcmvQ/videos,Mshrf - Ù…Ø´Ø±Ù,10,UCPal_v5z5EEbde6D06dcmvQ
https://www.youtube.com/c/MrKam1965/videos,Ù…Ø¸ÙØ± Ø¹Ø¨Ø¯ Ø§Ù„Ù…Ø¬ÙŠØ¯ Ø§Ù„Ù†ÙˆØ§Ø¨,10,UCPAvyHbqb4Ei7O2DGnmryPg
https://www.youtube.com/c/RwaqOrg/videos, Ù…Ù†ØµØ© Ø±ÙˆØ§Ù‚ Ù„Ù„ØªØ¹Ù„ÙŠÙ… Ø§Ù„Ù…ÙØªÙˆØ­ ,10,UCPC9x2YXx6Nzk7cD1sCE8kQ
https://www.youtube.com/c/DURProductions/videos,DUR Productions,9,UCPE427Sk6NHiYhA-wcFJ95g
https://www.youtube.com/c/Musicupscale/videos,Music Upscale,10,UCPGKizSs-jOR0sNoOEtnMXQ
https://www.youtube.com/channel/UCPHIc1XZEcOTMEE4F6d8OCQ/videos,Ø¬ÙŠÙƒ ÙØªÙ†Ø³ - Geek Fitness,10,UCPHIc1XZEcOTMEE4F6d8OCQ
https://www.youtube.com/c/AlMalood/videos,Almalood l Ø§Ù„Ù…Ø§Ù„ÙˆØ¯,10,UCpIqdkhLRSzPSC02gXWIzNA
https://www.youtube.com/c/SukardiHasanudin/videos,Sukardi Hasanudin,10,UCpJXv0iBN9CbjkkzcEfKZXw
https://www.youtube.com/channel/UCPl8bGXDl40sRqQP-KBq7bg/videos,Ø¹Ø§Ù„Ù… Ø§Ù„ØªÙƒÙ†ÙˆÙ„ÙˆØ¬ÙŠØ§ World of Tech,10,UCPl8bGXDl40sRqQP-KBq7bg
https://www.youtube.com/channel/UCPQRL_Rv-LlM-yqlo-eofPw/videos,Ø¯Ù‚ÙŠÙ‚Ø©,10,UCPQRL_Rv-LlM-yqlo-eofPw
https://www.youtube.com/c/%D8%AC%D8%B0%D9%88%D8%B1%D8%A7%D9%84%D8%B1%D8%A7%D8%A8/videos,Ø¬Ø°ÙˆØ± Ø§Ù„Ø±Ø§Ø¨,10,UCPUrq8hN7zH89oOITIUF47A
https://www.youtube.com/c/abbasalameer93Official/videos,Ø¹Ø¨Ø§Ø³ Ø§Ù„Ø§Ù…ÙŠØ± - Abbas Alameer,10,UCpy8TEK_Eo0_hsSP-LK0k_g
https://www.youtube.com/channel/UCpyFzi8rRcWye8RkrxTw11w/videos,Arabic with Asmae,9,UCpyFzi8rRcWye8RkrxTw11w
https://www.youtube.com/user/drsamehallam/videos,Ø¯ÙƒØªÙˆØ± Ø³Ø§Ù…Ø­ Ø¹Ù„Ø§Ù…,10,UCq1vxPypmYCBaH_dC6o8nqA
https://www.youtube.com/c/%D8%AA%D9%82%D9%8A%D9%8A%D9%85%D8%A7%D9%84%D9%85%D9%86%D8%AA%D8%AC%D8%A7%D8%AA/videos,ØªÙ‚ÙŠÙŠÙ… Ø§Ù„Ù…Ù†ØªØ¬Ø§Øª,10,UCQ2uKU4G9cIAD8REDoauxNw
https://www.youtube.com/channel/UCq3gEzBl6ZgZv4FAERqgHgA/videos,Etalem Hayat,10,UCq3gEzBl6ZgZv4FAERqgHgA
https://www.youtube.com/c/PalestineQA/videos,PalestineQA,10,UCQ4QgneuzliqvxRVolgOBAQ
https://www.youtube.com/channel/UCq6akguHzmPR6dqIqhuUIAA/videos,ÙˆØµÙØ§Øª Ù„ÙƒÙ…,5,UCq6akguHzmPR6dqIqhuUIAA
https://www.youtube.com/channel/UCQ8y2ThBHkPT_E6p9GB-1uw/videos,ArabicForAll,6,UCQ8y2ThBHkPT_E6p9GB-1uw
https://www.youtube.com/channel/UCQEdORj0MEgiV-es-z-sa8w/videos,Ø§Ù„ÙƒØªÙŠØ¨Ø© Ø§Ù„Ø¬Ù†ÙˆØ¨ÙŠØ©,10,UCQEdORj0MEgiV-es-z-sa8w
https://www.youtube.com/channel/UCqEX8pbtyNoERd-M7-Op2Wg/videos,Free Trader Ø§Ù„Ù…ØªØ¯Ø§ÙˆÙ„ Ø§Ù„Ø­Ø±,10,UCqEX8pbtyNoERd-M7-Op2Wg
https://www.youtube.com/c/AdilAssil/videos,Adil Assil | Ø¹Ø§Ø¯Ù„ Ø£ØµÙŠÙ„,10,UCQfiQJHTxSo8LUKUF4mm9ow
https://www.youtube.com/channel/UCqGCCK_O49juAjTRf3qloTg/videos,Spareka Ø§Ù„Ø¹Ø±Ø¨ÙŠØ©,10,UCqGCCK_O49juAjTRf3qloTg
https://www.youtube.com/channel/UCqHnmAQd_liHj6pU0IH-jLg/videos,ØªÙˆÙ… Ø§Ù„Ù…ØªÙƒÙ„Ù… ÙˆØ§Ù„Ø£ØµØ¯Ù‚Ø§Ø¡ Ø¨Ø§Ù„Ø¹Ø±Ø¨ÙŠØ©,10,UCqHnmAQd_liHj6pU0IH-jLg
https://www.youtube.com/channel/UCQhpCerC3mDO0qRA2YO7vYw/videos,Zap Tharwat,10,UCQhpCerC3mDO0qRA2YO7vYw
https://www.youtube.com/channel/UCqJ8doxLD3jjID7PmwICOzA/videos,Little Baby Bum in Arabic - Ø§ØºØ§Ù†ÙŠ ÙˆØ§Ù„Ø¹Ø§Ø¨ Ø§Ø·ÙØ§Ù„,10,UCqJ8doxLD3jjID7PmwICOzA
https://www.youtube.com/c/rahmariad/videos,Rahma Riad,10,UCQlSkOX5bI-BSP5bwEPoIAA
https://www.youtube.com/c/%D9%81%D8%A7%D9%81%D8%A7%D9%86%D8%A7%D8%A8%D9%88%D9%84%D9%8A/videos,ÙØ§ÙØ§Ù†Ø§Ø¨ÙˆÙ„ÙŠ,10,UCQMhS3iDy2WD7JwXu6XniYA
https://www.youtube.com/channel/UCqmKJji6s30DelyQtn9lDFQ/videos,Ahmed Amin Ø£Ø­Ù…Ø¯ Ø£Ù…ÙŠÙ†,10,UCqmKJji6s30DelyQtn9lDFQ
https://www.youtube.com/c/AnthonySamarany/videos,Anthony Samarany,10,UCqNsdxVao1WgzkNaGeQ7lsw
https://www.youtube.com/channel/UCQNwXXUBBCqTsel4CgNg-YQ/videos,mohamed amine,10,UCQNwXXUBBCqTsel4CgNg-YQ
https://www.youtube.com/c/%D9%81%D8%B2%D9%84%D9%83%D8%A9/videos,ÙØ²Ù„ÙƒØ© Fazlaka,9,UCqnXemllgxWWX0en8yd1FjQ
https://www.youtube.com/channel/UCqsNcDZ4UtPMIsU-n-G1H-A/videos,Sawyy,10,UCqsNcDZ4UtPMIsU-n-G1H-A
https://www.youtube.com/user/URANUSBMN/videos,URANUS-Media,10,UCqtUdku7tgqYMP8ocENUFUg
https://www.youtube.com/originals/videos,YouTube Originals,7,UCqVDpXKLmKeBU_yyt_QkItQ
https://www.youtube.com/c/da7ee7/videos, Da7ee7 - Ø§Ù„Ø¯Ø­ÙŠØ­ ,9,UCqW7G8SmyeEeQYzLOk5tdSg
https://www.youtube.com/channel/UCqzRBC1wQjYEjlH9xk-KvJw/videos,ÙƒØ§Ù…Ù„ ÙŠÙˆØ³Ù Kamel Yosef,10,UCqzRBC1wQjYEjlH9xk-KvJw
https://www.youtube.com/c/%D9%88%D8%AB%D8%A7%D8%A6%D9%82%D9%8A%D8%A7%D8%AA1/videos,ÙˆØ«Ø§Ø¦Ù‚ÙŠØ§Øª,10,UCr-uoB6NCvnRffWkNHddQXA
https://www.youtube.com/channel/UCRALvUy1162YDJZk_uO9ayQ/videos,BillionSurpriseToys Arabic - Ø£ØºØ§Ù†ÙŠ Ù„Ù„Ø£Ø·ÙØ§Ù„,9,UCRALvUy1162YDJZk_uO9ayQ
https://www.youtube.com/c/MANWIM/videos,MANWIM,10,UCRatOGQRhaijTIYYu0h8QnQ
https://www.youtube.com/c/AmrsworldAmrMaskoun/videos,Amr Maskoun | Ø¹Ù…Ø±Ùˆ Ù…Ø³ÙƒÙˆÙ†,7,UCRBWpRD5w7jN4Oq7MUyDYxg
https://www.youtube.com/channel/UCrFKNMRKjJdX6rghhaH1ftA/videos,Ù…Ø®ÙŠÙ… Ø§Ù„Ø£Ø·ÙØ§Ù„ kids camp,10,UCrFKNMRKjJdX6rghhaH1ftA
https://www.youtube.com/JadalMAZIK/videos,JadaL | Ø¬Ø¯Ù„,10,UCRgg-xikydVXprYmlVjmqEg
https://www.youtube.com/channel/UCrjeFISQwMCKKNAXR0SQvOQ/videos,Sandie Beauty,10,UCrjeFISQwMCKKNAXR0SQvOQ
https://www.youtube.com/c/PhysicsGroup2/videos,Ù…Ø¬Ù…ÙˆØ¹Ø© ÙÙŠØ²ÙŠØ§Ø¡ Physics Group 2,6,UCRL_6aWbdWUoUrP5Wp4n67Q
https://www.youtube.com/channel/UCrL-kjVaeg4hOO8ScOp2RXA/videos,Kaj . ÙƒØ§Ø¬ ,10,UCrL-kjVaeg4hOO8ScOp2RXA
https://www.youtube.com/channel/UCrlLVJApqJVKfwqZamlS-eg/videos,AlHawashem I Ø§Ù„Ù‡ÙˆØ§Ø´Ù…,10,UCrlLVJApqJVKfwqZamlS-eg
https://www.youtube.com/c/JannahProductions/videos,Jannah Productions,10,UCroeq0cAq6jl_4Mac5hnTog
https://www.youtube.com/c/PanteneArabia/videos,Pantene Ø§Ù„Ù‚ÙˆØ© Ø¬Ù…Ø§Ù„,10,UCrPacAIKgogmBswfSSbu7hA
https://www.youtube.com/c/%D8%AD%D9%85%D8%A7%D8%AF%D8%A9%D9%86%D8%B4%D9%88%D8%A7%D8%AA%D9%8A-%D8%A7%D9%84%D9%81%D9%86%D8%A7%D9%86/videos,Ø­Ù…Ø§Ø¯Ø© Ù†Ø´ÙˆØ§ØªÙŠ,10,UCrXqG3hhDv2VmfO73S9fztQ
https://www.youtube.com/channel/UCRxvbvKLfCmNNppu-UUcHkQ/videos,DX-Media,10,UCRxvbvKLfCmNNppu-UUcHkQ
https://www.youtube.com/channel/UCs4nVKi0Wnol768fk4MfnfA/videos,TV Ø§Ù„Ø·ÙŠÙ,10,UCs4nVKi0Wnol768fk4MfnfA
https://www.youtube.com/channel/UCS4w79x7RMcWD24S9c_5Xqw/videos,with Daneila,8,UCS4w79x7RMcWD24S9c_5Xqw
https://www.youtube.com/channel/UCS6BP9vgDoOBcLkrEjwHOeQ/videos,Fit By Science,10,UCS6BP9vgDoOBcLkrEjwHOeQ
https://www.youtube.com/channel/UCs6snOU_JwVCwZpMh-quGww/videos,Majd Sh,10,UCs6snOU_JwVCwZpMh-quGww
https://www.youtube.com/channel/UCsaKMS4Fa3CcA4KRixZdlPw/videos,Ø§Ù„Ù…Ø±Ø²Ø¹Ø¬ÙŠÙ‡ - El-MARZ3GYA,10,UCsaKMS4Fa3CcA4KRixZdlPw
https://www.youtube.com/c/SCoTubeMA/videos,ScoTube_ma,10,UCsDtcBefdmFcYsm04agLjOg
https://www.youtube.com/c/asmalmnawar/videos,Asma Lmnawar | Ø£Ø³Ù…Ø§ Ù„Ù…Ù†ÙˆØ±,10,UCSeCHtLvsdwTKtIoGgOroHg
https://www.youtube.com/channel/UCsEMacLSCvA0vEycdSga6_Q/videos,UDI Utlendingsdirektoratet,9,UCsEMacLSCvA0vEycdSga6_Q
https://www.youtube.com/channel/UCsh9QVqjTw6twWy8pSQ8T3g/videos,Zee Developer,10,UCsh9QVqjTw6twWy8pSQ8T3g
https://www.youtube.com/c/dreamsarabia/videos,dreams,10,UCSky_qvTeoO-c4AHsUSLxWw
https://www.youtube.com/c/DawlaTube/videos,Tube World,10,UCsL1LiLl2UfdKBD_QUDfgaA
https://www.youtube.com/channel/UCsmb0-elPWzqrJLAZBe7ozA/videos,Hekal Twins - Ù‡ÙŠÙƒÙ„ ØªÙˆÙŠÙ†Ø²,10,UCsmb0-elPWzqrJLAZBe7ozA
https://www.youtube.com/channel/UCsOyAfKyN_1lh5Oa-ilMA5w/videos,DKTUR - Ø¯ÙƒØªÙˆØ±,10,UCsOyAfKyN_1lh5Oa-ilMA5w
https://www.youtube.com/c/maqdsi/videos,Book & Craft ÙƒØªØ§Ø¨ ÙˆØ­Ø±ÙØ©,7,UCsRG4m1eXaAsSVEMAagmqEw
https://www.youtube.com/channel/UCSsQW750tuXwp01oFhC1wHg/videos,spif7y,2,UCSsQW750tuXwp01oFhC1wHg
https://www.youtube.com/c/cartoonsreality/videos,Cartoons Reality,7,UCsSYs-pmowdPPugwB0slOBQ
https://www.youtube.com/c/RicardoKaramchannel/videos,Ricardo Karam,10,UCstacCvBrf4FHYVFNlsI0cw
https://www.youtube.com/c/ABNADNAN/videos,ARA ADNAN,10,UCstg13ckobZZTmKw-mnNIRg
https://www.youtube.com/channel/UCSXeNEVoF2L70gU4QiO-Ytg/videos,Med Rahmeni,10,UCSXeNEVoF2L70gU4QiO-Ytg
https://www.youtube.com/c/UmmuZaher/videos,Ummu Zaher,10,UCSXRAVVHXmD3-HSH1GB1Wag
https://www.youtube.com/c/hariraqlaq/videos,Ø­Ø±Ø± Ø¹Ù‚Ù„Ùƒ,2,UCt-HGXH4ivKxf8xInILsAEg
https://www.youtube.com/c/HibaTawajichannel/videos,Hiba Tawaji,10,UCt0dB56BASWJoYWK-RQsEwQ
https://www.youtube.com/c/tofolatv/videos,tofola tv,10,UCt7pFdL6EqkQF75ilCOhveg
https://www.youtube.com/c/NUMBEROCKLLC/videos,Math Songs by NUMBEROCK,10,UCt9SZgFExNwWTH5T_JnyF-A
https://www.youtube.com/c/toun16/videos,Thunayyan Khalid,5,UCtAUHu0stm1w5Sw_m1CaIKw
https://www.youtube.com/c/FeridElextranjero/videos,FERID EL EXTRANJERO,10,UCtbBaR2YFcoyGuXE9RsKUtQ
https://www.youtube.com/c/MakremKlach/videos,Makram Klach,8,UCtelu7hVOjm7P68SiW94CuQ
https://www.youtube.com/channel/UCTFmCy7bpuDmDRXyOb_lgLA/videos,alaa Suleiman,10,UCTFmCy7bpuDmDRXyOb_lgLA
https://www.youtube.com/user/XSchool2012/videos,Ù…Ø¯Ø±Ø³Ø© Ø¥ÙƒØ³ | Xschool,9,UCtGekj1hdkAH4vwiZWck_Qg
https://www.youtube.com/channel/UCTJVtpJqQpn2ggpuL_hocIg/videos,Redar Tube,10,UCTJVtpJqQpn2ggpuL_hocIg
https://www.youtube.com/channel/UCtNjf55c4AUTusvu7qq7yOw/videos,ØªØ¹Ù„ÙŠÙ… Ø§Ù„Ù‚Ø±Ø§Ø¡Ø© ÙˆØ§Ù„ÙƒØªØ§Ø¨Ø© Ù„Ù„Ø£Ø·ÙØ§Ù„ Ù…Ø¹ Ø£/ Ø­Ø³Ù† Ù†ÙˆØ¨ÙŠ,3,UCtNjf55c4AUTusvu7qq7yOw
https://www.youtube.com/channel/UCtOGkRpg6yTh2SnByOWNE1Q/videos,KAREEM AYMAN - A11,7,UCtOGkRpg6yTh2SnByOWNE1Q
https://www.youtube.com/c/fahadalkandari/videos,Fahad Alkandari l ÙÙ‡Ø¯ Ø§Ù„ÙƒÙ†Ø¯Ø±ÙŠ,8,UCTRGcT1KQVoQA1vdNLlbjhw
https://www.youtube.com/channel/UCtrwuRUjat0LK561FX2GiSg/videos,Anwar Makdour | Ø§Ù†ÙˆØ± Ù…Ù‚Ø¯ÙˆØ±,10,UCtrwuRUjat0LK561FX2GiSg
https://www.youtube.com/c/RajaMezianeofficiel/videos,Raja Meziane,10,UCTTAXqs-2j1KGQ4iKft-IdA
https://www.youtube.com/c/HawasBand/videos,Hawas,10,UCtu4VLC8aZq8kCxdPD4sTZw
https://www.youtube.com/channel/UCtu6QnuH68z3thAeFt8o5Og/videos,Cash Learning Partnership (CaLP),10,UCtu6QnuH68z3thAeFt8o5Og
https://www.youtube.com/channel/UCtVLWNRVIIL0fZ_3fohmuZQ/videos,Shabat - Ø³Ø­Ø§Ø¨Ø§Øª,6,UCtVLWNRVIIL0fZ_3fohmuZQ
https://www.youtube.com/c/DrAlSuwaidan/videos,Ø¯. Ø·Ø§Ø±Ù‚ Ø§Ù„Ø³ÙˆÙŠØ¯Ø§Ù†,10,UCTW4teojDBh2Bs2cDSMgztA
https://www.youtube.com/channel/UCtzrTGcb-Csp0GQVNz7lbEA/videos,Ø²ÙŠ Ø¨Ø§Ù„ÙŠÙ…Ù†ÙŠ zee belyemeni,10,UCtzrTGcb-Csp0GQVNz7lbEA
https://www.youtube.com/c/%D8%B4%D8%A8%D9%87%D8%A7%D8%AA%D9%88%D8%B1%D8%AF%D9%88%D8%AF%D8%AD%D9%88%D9%84%D8%A7%D9%84%D8%A5%D8%B3%D9%84%D8%A7%D9%85%D8%A8%D8%A7%D9%84%D8%AF%D8%B1%D8%A7%D8%B3%D8%A7%D8%AA%D8%A7%D9%84%D8%B9%D9%84%D9%85%D9%8A%D8%A9/videos,Ø­ØµÙ† Ø§Ù„Ø¥Ø³Ù„Ø§Ù…,3,UCU_L2JZHwNb8_ZzfLRy10Pw
https://www.youtube.com/c/6wrni/videos,Ø·ÙˆØ±Ù†ÙŠ,7,UCu1AOFVJx5nvhGbo8EmAKHg
https://www.youtube.com/c/MamlaketElAhlam/videos,MamlaketElAhlam,5,UCu3gicWsMefh35_qGS1Z71Q
https://www.youtube.com/channel/UCU4zpoesITyv95I9Tkeq2mw/videos,Youdy El Mahdy,9,UCU4zpoesITyv95I9Tkeq2mw
https://www.youtube.com/c/LanguageLearningMarket/videos,Language Learning Market,4,UCu8Lth4FT5HxaP0nypE-gTQ
https://www.youtube.com/channel/UCUAeOFjBkKq8yeawcoCLSIQ/videos,s- lamet,9,UCUAeOFjBkKq8yeawcoCLSIQ
https://www.youtube.com/c/Rekox/videos,Rekox,10,UCUBExM95hLSx5u-IWNItzFA
https://www.youtube.com/c/antiporngroup/videos,ÙˆØ§Ø¹ÙŠ,6,UCubgpaK2N08IKa1biOQPL1Q
https://www.youtube.com/channel/UCuBSAz3cBpk6zoeHk5p80vg/videos,Magdi Mohamed,10,UCuBSAz3cBpk6zoeHk5p80vg
https://www.youtube.com/c/FlashToons/videos,ÙÙ„Ø§Ø´ ØªÙˆÙˆÙ†Ø² Flash Toons,10,UCuej8xnt7OORnhVlT8vzbGA
https://www.youtube.com/c/nike/videos,Nike,10,UCUFgkRb0ZHc4Rpq15VRCICA
https://www.youtube.com/channel/UCUh8tXpgXh17ZpNYe19MpnQ/videos,Baby Cat,10,UCUh8tXpgXh17ZpNYe19MpnQ
https://www.youtube.com/c/%D9%83%D9%86%D9%8A%D8%B3%D8%A9%D8%A7%D9%84%D9%84%D9%87%D8%A7%D9%84%D9%82%D8%AF%D9%8A%D8%B1/videos,ÙƒÙ†ÙŠØ³Ø© Ø§Ù„Ù„Ù‡ Ø§Ù„Ù‚Ø¯ÙŠØ±,10,UCuL1npZm1t7Z6flyd6HRnig
https://www.youtube.com/channel/UCULI3kksEPiW0I2kAo1JWog/videos,YR Music,10,UCULI3kksEPiW0I2kAo1JWog
https://www.youtube.com/c/%D8%B9%D9%84%D9%85%D8%A7%D9%84%D9%81%D9%84%D9%83%D8%A7%D9%84%D9%85%D8%B3%D8%AA%D9%82%D8%A8%D9%84%D8%A7%D9%84%D9%85%D8%B9%D8%B1%D9%88%D9%81/videos,Ø¹Ù„Ù… Ø§Ù„ÙÙ„Ùƒ Ø§Ù„Ù…Ø³ØªÙ‚Ø¨Ù„ Ø§Ù„Ù…Ø¹Ø±ÙˆÙ,10,UCuLR4dh8_06LH858SLdMy2g
https://www.youtube.com/c/Loransrap/videos,Lorans rap,10,UCumEckIO7l03PqE9rT9TP6w
https://www.youtube.com/c/Nostalgian/videos,Nostalgian,10,UCUo03iC9cf2btzCc0uoR2wg
https://www.youtube.com/c/%D8%A7%D8%AE%D8%A8%D8%A7%D8%B1%D8%B3%D8%A7%D8%AE%D9%86%D8%A9/videos,Mahmoud Shaker,3,UCuOJPMnRiXMgdhFdFIBntog
https://www.youtube.com/channel/UCuoSsg_NMgKU7d6CipC-6Sw/videos,Ù†Ø§ÙŠÙ„ÙŠ Ø¨Ø§Ù†Ùˆ,10,UCuoSsg_NMgKU7d6CipC-6Sw
https://www.youtube.com/c/MayaDiab/videos,Maya Diab,9,UCUpO8KDJIqlit4JjcSxUsCg
https://www.youtube.com/c/AhmedKamelMusic/videos,Ahmed Kamel - Ø£Ø­Ù…Ø¯ ÙƒØ§Ù…Ù„ ,9,UCuQkXcgjSKpoQDp8Yn9WHVA
https://www.youtube.com/channel/UCURUb0O9Hkz_VC2Yem7n43Q/videos,Sama3 Ø³ÙÙ…ÙØ¹Ù’,10,UCURUb0O9Hkz_VC2Yem7n43Q
https://www.youtube.com/c/%D9%86%D8%AC%D8%AF%D8%A7%D9%84%D8%AD%D9%82%D9%8A%D9%84/videos,Ù†Ø¬Ø¯ Ø§Ù„Ø­Ù‚ÙŠÙ„,9,UCuTubYwoSmaKr5CApjr8s5w
https://www.youtube.com/channel/UCuUqnsCwGVWLDXxM4TFr0tw/videos,Yasoo,10,UCuUqnsCwGVWLDXxM4TFr0tw
https://www.youtube.com/c/volcanosy/videos,VÃ¸lcano Mc,10,UCuXR_bhmvZgRVX_AJvXJ4aw
https://www.youtube.com/channel/UCuZko7kcAB39_aTmF9rVJ0Q/videos,Learn Arabic with Yasser,8,UCuZko7kcAB39_aTmF9rVJ0Q
https://www.youtube.com/channel/UCV_a7GyQ6sIjA6USJIm3L6Q/videos,Ù…Ø­Ù…Ø¯ Ùˆ Ø±Ø§Ù…ÙŠ Ù…ÙˆØµÙ„Ù„ÙŠ MoussallÄ±,10,UCV_a7GyQ6sIjA6USJIm3L6Q
https://www.youtube.com/channel/UCV_QLpNmSFN5qsRXFVt6qCQ/videos,Afroto Official - Ø¹ÙØ±ÙˆØªÙˆ,10,UCV_QLpNmSFN5qsRXFVt6qCQ
https://www.youtube.com/channel/UCV-88CLrPj0GVvGDBqZfDBg/videos,Alemni Alarabi,8,UCV-88CLrPj0GVvGDBqZfDBg
https://www.youtube.com/user/ArabGamesNetwork/videos,Ø´Ø¨ÙƒØ© Ø§Ù„Ø¹Ø§Ø¨ Ø§Ù„Ø¹Ø±Ø¨ | Arab Games Network,1,UCV2JkEBmtfSYGAIlprAhAyQ
https://www.youtube.com/user/menglish4kids/videos,English4Kids ,10,UCV2ZfZC2sImd13Qawgufwbw
https://www.youtube.com/user/almoslimtv/videos,Ø§Ù„Ù…ÙØ³Ù„Ù… Tv Ù„Ù„Ø¥Ù†ØªØ§Ø¬ Ø§Ù„Ø¯Ø¹ÙˆÙŠ ,4,UCV68tOw_jR6p_KfvPMhvaJA
https://www.youtube.com/c/medbenmedben/videos,Neuromatiq,10,UCv8hAszJaXghQXqORVLkJ6Q
https://www.youtube.com/c/%D9%85%D8%B9%D9%84%D9%88%D9%85%D8%A7%D8%AA%D9%85%D8%A8%D8%B9%D8%AB%D8%B1%D8%A9/videos,Ø¨Ø¹Ø«Ø±Ø©,10,UCv9oAJoQVl2KeIz5bB2aYHw
https://www.youtube.com/user/Godus2008/videos,Ø§Ù„Ø£Ø®ÙˆÙŠÙ† Ù‚Ø¯Ø³,9,UCvAIjY994MvAGnqHl930IKQ
https://www.youtube.com/channel/UCVayTTq-OTlxmF0REZAap1Q/videos,MiX TV,10,UCVayTTq-OTlxmF0REZAap1Q
https://www.youtube.com/channel/UCVEtX2AsxfFkyVWxpiFxy_A/videos,Ø¥ÙÙ‡Ù… Ø¨Ù„Ø§Ø³,10,UCVEtX2AsxfFkyVWxpiFxy_A
https://www.youtube.com/c/MJChoof/videos,MJ Choof - Ø´ÙˆÙ,10,UCVfFzcKaU8LabpbqVHleeog
https://www.youtube.com/channel/UCVg9TNPD5vQyQL7KTKAiq7A/videos,nahem/ Ù†Ù‡Ù…,9,UCVg9TNPD5vQyQL7KTKAiq7A
https://www.youtube.com/c/Shuounislamiya/videos,Ø´Ø¤ÙˆÙ† Ø¥Ø³Ù„Ø§Ù…ÙŠØ©,10,UCvGF-1D4tphYPFI2HPITbHg
https://www.youtube.com/c/%D8%AD%D9%88%D9%84%D8%A7%D9%84%D8%B9%D8%A7%D9%84%D9%852/videos,Ø­ÙˆÙ„ Ø§Ù„Ø¹Ø§Ù„Ù… 2,10,UCvGIDwBI1lFrr02_Dehk3bQ
https://www.youtube.com/c/PsycoMpsycom/videos,Psyco-M,10,UCvj7SsExvJKmIS7bcvlckfw
https://www.youtube.com/c/LilaTV/videos, Lila TV ,8,UCVjAUYDzNh8OxezgGf8Lb2g
https://www.youtube.com/c/abusalahstores/videos,Ali Abu Salah Sons for Electronics and General Trading,6,UCvkzxIe9Nqx02j_OHfgteQA
https://www.youtube.com/user/KKVkanava/videos,Kilpailu- ja kuluttajavirasto,10,UCvlck8cuETuaMCNMbfwTGPw
https://www.youtube.com/channel/UCVLfqnrikO8b-Qpokxjqvaw/videos,Kahareb ÙƒÙ‡Ø§Ø±Ø¨,10,UCVLfqnrikO8b-Qpokxjqvaw
https://www.youtube.com/user/timba055/videos,Timba Jd,10,UCVnOklV3EYK4ToJmLBE5FwA
https://www.youtube.com/channel/UCvNvxjcf1LKbDUXNbrHFSlg/videos,Ù‚Ù†Ø§Ø© Ø±ÙˆØ² Ù„Ù„Ø£Ø·ÙØ§Ù„ - Rose Animation Kids,10,UCvNvxjcf1LKbDUXNbrHFSlg
https://www.youtube.com/channel/UCvpxadZnazN3EomkbiPtBGg/videos,OMG! Stories Ø¹Ø±Ø¨ÙŠ,8,UCvpxadZnazN3EomkbiPtBGg
https://www.youtube.com/c/zadalhorof/videos,Ø²Ø§Ø¯ Ø§Ù„Ø­Ø±ÙˆÙ,10,UCvr9YT7AwMTxKDqou3e_OUQ
https://www.youtube.com/user/SpringerVideos/videos,SpringerVideos,9,UCVrfgLHHqTXdgM6STZbXy0A
https://www.youtube.com/c/musicalrmastv1/videos,Ø§Ù„Ù€Ø±ÙŠÙ…Ø§Ø³ - Al-Remas,10,UCVrstuGnHjpUXr9G98wwKow
https://www.youtube.com/c/QualityProduction/videos,Quality Production,10,UCVUWD5W4g4APk15vsC0s3RA
https://www.youtube.com/c/AhmedAdly2/videos,Ahmed Adly,10,UCVZskiGhMTAOZFA-SJB_RJw
https://www.youtube.com/c/OtakuG/videos,OtakuGamer - Ø£ÙˆØªØ§ÙƒÙˆ Ù‚ÙŠÙ…Ø±,10,UCW3Q1msThra1eDEMTd9fwog
https://www.youtube.com/c/MissingRadarChannel/videos,Ù‚Ù†Ø§Ø© Ø§Ù„Ø«Ù‚Ø§ÙÙŠØ©,10,UCw3YBvqEFnleB2wR7SVNA2A
https://www.youtube.com/c/ARKMediaTube/videos,ARK Media Tube,10,UCw5Qc-PaMBF8SpeU6g_3Org
https://www.youtube.com/c/EmyHetari/videos ,Ø§ÙŠÙ…ÙŠ Ù‡ÙŠØªØ§Ø±ÙŠ - Emy Hetari,10,UCW8mXx7szwy2uPRFQLYPEQw
https://www.youtube.com/c/ArtTemplate/videos,Art Template Media Productions,9,UCW8qRYOZ2IFZng8HGXImIVg
https://www.youtube.com/channel/UCwAhvfqxBaAsBiCw7OAIsjg/videos,ÙŠÙˆØªÙŠÙˆØ¨ ÙƒØ±ÙŠØªÙˆØ± Ø¨Ø§Ù„Ø¹Ø±Ø¨ÙŠ,7,UCwAhvfqxBaAsBiCw7OAIsjg
https://www.youtube.com/channel/UCWalTl22C5uBkF9qYvoZBDA/videos,sheme Ø´ÙŠÙ…ÙŠ,10,UCWalTl22C5uBkF9qYvoZBDA
https://www.youtube.com/c/HadeelJalal/videos,Hadeel Jalal,10,UCWcxjd6plDPq5N9uqYQRcqQ
https://www.youtube.com/c/nasarzz1432KSHMSHS/videos,ÙƒØ´Ù…Ø´ KSHMSH,10,UCWdAqThYs6O2qZaNFgF8wWQ
https://www.youtube.com/c/Paradisesvoice/videos,Paradise's voice - ØµÙˆØª Ø§Ù„Ø¬Ù†Ø©,10,UCwDCCFD38kJgK2HbDHzZApA
https://www.youtube.com/c/proffg/videos,Aboubakar Idriss,6,UCWEUms_qMrVeiIUEedFqkrg
https://www.youtube.com/channel/UCwfKQlyvLDd4Vf-gyr_VisA/videos,Ne3raf Babies - Ù†ÙØ¹Ø±ÙÙ Ø£Ø·ÙØ§Ù„ Ø­Ø¯ÙŠØ«ÙŠ Ø§Ù„ÙˆÙ„Ø§Ø¯Ø©,10,UCwfKQlyvLDd4Vf-gyr_VisA
https://www.youtube.com/c/WOLFEG/videos,WOLF EG,10,UCwftL5bew7QiovfwW0qutwg
https://www.youtube.com/channel/UCWg4b0qHPGP4C8HN2GlA5LA/videos,Ø³ÙŠØ¯Ø© Ø§Ù„Ø¹Ø±Ø¨ Ù„Ù€ Ø§Ù„ØªØ§Ø±ÙŠØ® Ùˆ Ø§Ù„ÙÙ†,9,UCWg4b0qHPGP4C8HN2GlA5LA
https://www.youtube.com/channel/UCWhDR-e0bGi_VSJ3TZGaejQ/videos,ISALMIC SIGNAL,10,UCWhDR-e0bGi_VSJ3TZGaejQ
https://www.youtube.com/c/Osratouna/videos,Osratouna tv - Ù‚Ù†Ø§Ø© Ø£Ø³Ø±ØªÙ†Ø§ ,10,UCWIdqSQekeGmUWlSFeCiEnA
https://www.youtube.com/channel/UCWJULUhxRJx5AEgJoZJ3EkA/videos,Ø£Ø³Ø±Ø§Ø± Ùˆ Ø­Ù‚Ø§Ø¦Ù‚ Ù…Ù† Ø§Ù„Ø¹Ø§Ù„Ù…,10,UCWJULUhxRJx5AEgJoZJ3EkA
https://www.youtube.com/user/Mehdimozayine/videos,Mehdi Mozayine,10,UCwK1c_RczSk8RQTiWcCAFgQ
https://www.youtube.com/channel/UCWkSwYzKN4zfC7PUXPjjuAQ/videos,Ø³Ø§Ø¯Ø§Øª Ø§Ù„Ø¹Ø§Ù„Ù…ÙŠ - Sadat El 3almy,10,UCWkSwYzKN4zfC7PUXPjjuAQ
https://www.youtube.com/c/Nidopourlesrenseignements/videos,Nido pour les renseignements,10,UCWkz0mXhilod5umT-Q2FXeQ
https://www.youtube.com/channel/UCwlNojb1zQHiU7T23RYWfpQ/videos,bnat_mtos6,9,UCwlNojb1zQHiU7T23RYWfpQ
https://www.youtube.com/c/Pharmastan/videos,Pharmastan - ÙØ§Ø±Ù…Ø§Ø³ØªØ§Ù†,9,UCwMECkGShtMWmAamI5awqxQ
https://www.youtube.com/channel/UCWR_IQcvN3Un2yejV89VDdw/videos,Ø§Ù„Ø´Ø§Ù…Ù„Ø© For You,10,UCWR_IQcvN3Un2yejV89VDdw
https://www.youtube.com/c/YASSINEJARRAM/videos,YASSINE JARRAM,10,UCwsg4c6hQXkp88wZw02KEBg
https://www.youtube.com/c/ouacity/videos,Once Upon A City Ø­ÙƒØ§ÙŠØ© Ù…Ø¯ÙŠÙ†Ø©,4,UCWtynW4Z6-1_nlI9xK4iVaw
https://www.youtube.com/c/ammarhosny/videos,Ammar Hosny,10,UCwY-npQx9tMjMIGJAhr5ZNQ
https://www.youtube.com/c/BridgesfoundationOrgun/videos,Bridges Foundation,9,UCWYCGN5KEsXpdE_hnSAH1Jw
https://www.youtube.com/channel/UCWyH-S-1cAToFlN5AFTGQaA/videos,ØªØ°ÙƒØ± Ùˆ ØªÙÙƒØ±,10,UCWyH-S-1cAToFlN5AFTGQaA
https://www.youtube.com/channel/UCwzfz8LZn8gM7r6OYLvy6vw/videos,KONDOSAN Ø¹Ø±Ø¨ÙŠ - Arabic Fairy Tales for Kids,10,UCwzfz8LZn8gM7r6OYLvy6vw
https://www.youtube.com/channel/UCx473haQ2NvhG1B5B7Tymgg/videos,som3a&Harby,10,UCx473haQ2NvhG1B5B7Tymgg
https://www.youtube.com/c/PS3Rapid/videos,Reybad - Ø±ÙŠØ¨Ø§Ø¯,10,UCx4H1gtwgO3hvEFA2lQhZ5w
https://www.youtube.com/channel/UCx6-ffH_C6o_XkedH5ApYdg/videos,Ø·Ø±ÙŠÙ‚Ø©,10,UCx6-ffH_C6o_XkedH5ApYdg
https://www.youtube.com/c/Publitools/videos,Ø¨Ø§Ø¨Ù„ÙŠ ØªÙˆÙ„Ø² | Publitools,10,UCX6jYFVuV_tt8ydfH8BAEvg
https://www.youtube.com/user/HabibUmarClips/videos,Ù‚Ù†Ø§Ø© Ù…Ù‚Ø§Ø·Ø¹ Ø§Ù„Ø­Ø¨ÙŠØ¨ Ø¹Ù…Ø±,10,UCx9X-PL8pDFIzUFu5EAXAqw
https://www.youtube.com/c/%D8%A7%D9%84%D9%81%D9%87%D8%B1%D8%B3/videos,Al Fahras Ø§Ù„ÙÙ‡Ø±Ø³,3,UCXBYKrvDF8gBYBVW4BGO8Aw
https://www.youtube.com/c/Milla3ivrit/videos,Milla3ivrit,10,UCXDSo9gT2dvL2mFAsQVjaJA
https://www.youtube.com/c/Zawamel/videos,Ø²ÙˆØ§Ù…Ù„ ÙˆØ£Ù†Ø§Ø´ÙŠØ¯,10,UCxheiFNjk3txniUq57LL8fw
https://www.youtube.com/user/TheAlwaleeed/videos,Ø§Ù„ÙˆÙ„ÙŠØ¯ Ø§Ù„ÙˆØ«Ø§Ø¦Ù‚ÙŠØ©,2,UCXhppPGJ001kUfv4-gmwwXQ
https://www.youtube.com/c/idrishkoma/videos,hasan oraibe Artist Musician,10,UCXKA7M-AJiADl2Of9jor0Aw
https://www.youtube.com/channel/UCXnD-Pb3JJqcOeU8O8B6Opg/videos,Tebcan Medical Network,3,UCXnD-Pb3JJqcOeU8O8B6Opg
https://www.youtube.com/c/AhmadAlTariq_MGM_Crime/videos,Ahmad AlTariq,7,UCxNDkYrbFOY36rWPFVvZw0Q
https://www.youtube.com/channel/UCXoEwcb0cgNet2T04sUtIFQ/videos,Ahmad Kim,10,UCXoEwcb0cgNet2T04sUtIFQ
https://www.youtube.com/c/TalentMediaProduction/videos,Talent Media Production,10,UCXOgSinRjj-AGUH_Hucs9Rw
https://www.youtube.com/user/charatrossom/videos,Ø£Ø¬Ù…Ù„ Ø´Ø§Ø±Ø§Øª Ø§Ù„Ø±Ø³ÙˆÙ… Ø§Ù„Ù…ØªØ­Ø±ÙƒØ© Ùˆ Ø§Ù„ÙƒØ±ØªÙˆÙ†,9,UCXqghIlkDnDwyucJe7gJ-Ug
https://www.youtube.com/c/AoARappeR/videos,A.o.A Official,10,UCxrCelBsnJwOqTqILJCW_Ig
https://www.youtube.com/channel/UCXtokM_xY5oF1SD48s8qaRQ/videos,Ø®Ù„Ø§ØµØ© Ù‚ÙˆØ§Ù†ÙŠÙ† Ø§Ù„Ø´Ø±ÙƒØ§Øª ÙÙ‰ Ù…ØµØ±,10,UCXtokM_xY5oF1SD48s8qaRQ
https://www.youtube.com/channel/UCxUYrutQl66QZZRGjJIZY3A/videos,Ø±ÙˆØ§Ø¦Ø¹ ÙˆØ£Ø³Ø±Ø§Ø±,9,UCxUYrutQl66QZZRGjJIZY3A
https://www.youtube.com/c/hamamabozweed/videos,hamamabozweed,10,UCXUz2IeML3d5H2uX6yAXyWA
https://www.youtube.com/c/KamboostAcademy/videos,Kamboost Academy,9,UCXvgBTDHlCowFXsdcr_WqjQ
https://www.youtube.com/c/TakarubTelecommunications/videos,ØªÙ‚Ø§Ø±Ø¨ Takarub,10,UCxXz36zMGLIhWdZa_93f2Hw
https://www.youtube.com/c/AlmajdKids/videos,Ø§Ù„Ù…Ø¬Ø¯ Ù„Ù„Ø£Ø·ÙØ§Ù„ - AlmajdKids,10,UCXZ9W0jgxGmy2kphRrqRCFA
https://www.youtube.com/c/GcRap/videos,Gc 964,10,UCY06x8ItyQutyRpJO5KEK8Q
https://www.youtube.com/c/ElGhostman/videos,El Ghostman,10,UCY2I-rm7rZkF5Hz7jfCffgA
https://www.youtube.com/c/3ashekalasad/videos,TB-Turki brothers,5,UCy7Mrmi6Z88rNzLjE660BXw
https://www.youtube.com/c/LancioOfficiel/videos,LANCIO - OFFICIEL,10,UCY7qeVINm6jPFK17KS8JuvA
https://www.youtube.com/c/Sha3beyatMe/videos,Ù‚Ù†Ø§Ø© Ø´Ø¹Ø¨ÙŠØ§Øª / Sha3beyat Official ,10,UCyBHmgAlGGlz_jYtjbcEbPg
https://www.youtube.com/c/AshrafSharkawi/videos,Ashraf Sharkawi,10,UCYBqTPY8lIfx2t5Y_irqESQ
https://www.youtube.com/channel/UCyc_bBORevzaBODE0KCol3Q/videos,ã€Ø²Ù‡Ø±Ø© ã€ Ø§Ù„Ø´ØªØ§Ø¡,9,UCyc_bBORevzaBODE0KCol3Q
https://www.youtube.com/c/khalidalnaimi/videos,Khalid Alnaimi Ø®Ø§Ù„Ø¯ Ø§Ù„Ù†Ø¹ÙŠÙ…ÙŠ,10,UCyCs6M3YClp90wqwcnnEmOw
https://www.youtube.com/c/mocha2me/videos,MOCHA,10,UCyg9lbsUWME8DiKi82MewYw
https://www.youtube.com/c/mtwersd/videos,Ø§Ù„Ù…Ø·ÙˆØ± Ø§Ù„Ø³ÙˆØ¯Ø§Ù†ÙŠ,2,UCygOfCqymfZMrErVkcFo_aQ
https://www.youtube.com/channel/UCyhPbGq7URXWz61w-1meiKg/videos,Marwan Moussa,10,UCyhPbGq7URXWz61w-1meiKg
https://www.youtube.com/c/slyd4r/videos,slyd4r,10,UCYJye5D4xXhDptsbxc7-mBQ
https://www.youtube.com/channel/UCYKE8ouLHt_I15gDDH5K24Q,HIKAYAH l Ø­ÙƒØ§ÙŠØ©,7,UCYKE8ouLHt_I15gDDH5K24Q
https://www.youtube.com/c/Aanadel/videos,Ø¹Ù†Ø§Ø¯Ù„,10,UCyMCRjGxNwvNjgiRWlNj8cA
https://www.youtube.com/c/AxeerStudio/videos,Axeer,10,UCYmjRHj3JhpWvrBjClZLnDw
https://www.youtube.com/c/abdelalianouar/videos,Abdelali anouar Ø¹Ø¨Ø¯ Ø§Ù„Ø¹Ø§Ù„ÙŠ Ø§Ù†ÙˆØ±,10,UCYNexdNr_0onShHufdEpYXA
https://www.youtube.com/c/alwaleed19992013/videos,Waleed Khalid,10,UCyoXt7S8NJmt3FWT7iQIRvw
https://www.youtube.com/c/Ro3bAnime/videos,Ro3b,8,UCYpC0nU_Ol24jcFCohVU-Tw
https://www.youtube.com/channel/UCYQ5PamA3D7b8zgayw0ehNg/videos,Calisthenics Arab,9,UCYQ5PamA3D7b8zgayw0ehNg
https://www.youtube.com/c/s7asnap/videos,S7a Snap I ØµØ­Ø© Ø³Ù†Ø§Ø¨,8,UCyt98osBQGpLE0-3r_lPRDg
https://www.youtube.com/channel/UCyvk_lo0codsbB8oWL6xUBA/videos,Ø§Ù„Ø³Ø¨ÙŠÙ„,7,UCyvk_lo0codsbB8oWL6xUBA
https://www.youtube.com/c/yousseifeljoo/videos,Yousseif Eljoo - ÙŠÙˆØ³Ù Ø§Ù„Ø¬ÙˆÙˆ,10,UCyWj3ntGFuw7UkkRcqRNZoQ
https://www.youtube.com/user/ansvlog/videos,Anas Iskander I Ø§Ù†Ø³ Ø§Ø³ÙƒÙ†Ø¯Ø±,9,UCYxgB9psPbUBKpP4yJWTiqQ
https://www.youtube.com/channel/UCYxkmLU7_g9vCAojnaxyn0w/videos,Inilten pro,10,UCYxkmLU7_g9vCAojnaxyn0w
https://www.youtube.com/channel/UCyZF3I-xHyvp2oTGd8X-Cug/videos,Ù†ØµÙŠØ­Ù€Ø© _ NASEHA,10,UCyZF3I-xHyvp2oTGd8X-Cug
https://www.youtube.com/channel/UCYZOPgXvhkBzpenrv-19NoQ/videos,Ø£ÙƒØ§Ø¯ÙŠÙ…ÙŠØ© Ø§Ù„Ø±Ø¬Ù„ Ø§Ù„Ø§Ø¬ØªÙ…Ø§Ø¹ÙŠ,6,UCYZOPgXvhkBzpenrv-19NoQ
https://www.youtube.com/channel/UCyZXJU8tm83bHIuHXNMSfaQ/videos,Ø±ÙˆØ§Ø¦Ø¹ Ø§Ù„ØªÙ„Ø§ÙˆØ§Øª Amazing Quran Recitations,10,UCyZXJU8tm83bHIuHXNMSfaQ
https://www.youtube.com/c/MisterAbbas/videos,Mister Abbas,10,UCz_6BFj7MqgM2WLMeJwcY3w
https://www.youtube.com/c/orbelmirs/videos,Belmirs | Ø¨Ù„Ù…ÙŠØ±,10,UCZ5tjhLSLd6L4Te0wnTG2FA
https://www.youtube.com/c/karameeshchannel/videos,karameeshchannel ,6,UCZ7V5FSAdPkRjPf64pPx9-Q
https://www.youtube.com/c/top10arab/videos,TOP10 ARAB,10,UCZ8a0llFkEC-F7QyogdvpDQ
https://www.youtube.com/c/ipica/videos,IPICA jvsg,10,UCZ8xeDc7bWikIGAdbAVbM0A
https://www.youtube.com/user/DvLZStaTioN/videos,DvLZStaTioN,8,UCZdXCDG3MVIMeezeefHmW4A
https://www.youtube.com/c/Maroja1/videos,Maroja,10,UCzFhl47y9b4Q7XpJcLIQ4FQ
https://www.youtube.com/channel/UCZG2krSzfl3r6ZiOQfl-xnA/videos,Rafat Abushaban,6,UCZG2krSzfl3r6ZiOQfl-xnA
https://www.youtube.com/c/Ektebsa7/videos,Ø§ÙƒØªØ¨ ØµØ­,10,UCzghEILNWfpCj3x8yfi4Ibg
https://www.youtube.com/c/NicolasAntar/videos,Nicolas Antar,8,UCZglBYwRSTEvvjWojGwEQGg
https://www.youtube.com/c/Mohamedgowana/videos,Mohamad Gowani Ù…Ø­Ù…Ø¯ Ø¬ÙˆØ§Ù†ÙŠ,10,UCzLu9vEc086jxlz-TBtJLBg
https://www.youtube.com/c/freeklane/videos,Chemsou Freeklane,10,UCzlYSm79Bt-sD1l5UshoQiA
https://www.youtube.com/channel/UCZm30ctfRmC7G4Jv8dnsd8g/videos, Ø³ÙŠÙˆÙ Ù…Ø³Ù„ÙˆÙ„Ø© ,8,UCZm30ctfRmC7G4Jv8dnsd8g
https://www.youtube.com/channel/UCZP7UtnnZxZ8r85CXH-iUsQ/videos,Alj Sisters,10,UCZP7UtnnZxZ8r85CXH-iUsQ
https://www.youtube.com/user/ZouhairBahaoui/videos,Zouhair Bahaoui | Ø²Ù‡ÙŠØ± Ø¨Ù‡Ø§ÙˆÙŠ,10,UCzPpr_J4zgu6QKLJEBk31mw
https://www.youtube.com/c/BH4Media/videos,HOLM,10,UCzv2aJc5xm7vqhunYSHClHw
https://www.youtube.com/c/redasharaf/videos,reda sharaf,10,UCZVGUfQN4I7lNOHVmxzEOSg
https://www.youtube.com/channel/UCZxZa59LUp5v-0cjfO8KA8w/videos,Mohammad Al Sabban Ù…Ø­Ù…Ø¯ Ø§Ù„ØµØ¨Ø§Ù†,9,UCZxZa59LUp5v-0cjfO8KA8w
https://www.youtube.com/channel/UCmKt-FIQwRZu4jJHTI1Ebwg/videos,MosaÃ¯que FM Ø³Ø±Ùƒ ÙÙŠ Ø¨ÙŠØ±,10,UCmKt-FIQwRZu4jJHTI1Ebwg
https://www.youtube.com/c/D3SIGNERARTS/videos,D3SIGNER ARTS,10,UCLArEf_s66VS4tunJ8U9vlg
https://www.youtube.com/c/MujtabaAlseddig/videos,Mujtaba Alseddig,10,UCOq-OTsLW6LkaCM7W9wNOww
https://www.youtube.com/c/BarlamanSh3aib/videos,Ø¨Ø±Ù„Ù…Ø§Ù† Ø´Ø¹Ø¨,6,UCc-PZiqbTS_2Q5DCWGE0OMg
https://www.youtube.com/c/AnimationinEducationOfficial/videos,Animation in Education ØªØ¹Ù„Ù‘ÙÙ… Ø¨Ø°ÙƒØ§Ø¡,8,UC_ajRYbYjDO-bIoBvzsoLhQ
https://www.youtube.com/c/UnescwaOrg/videos,Economic and Social Commission for Western Asia (ESCWA),10,UCg3YzeZNWkiGR76ro3F0I6Q
https://www.youtube.com/channel/UCE6zNSIcWSA2Y3Zxm14zyaQ/videos,Sharwat alhy,10,UCE6zNSIcWSA2Y3Zxm14zyaQ
https://www.youtube.com/c/AbdallahOsama/videos,Moscow - Ù…ÙˆØ³ÙƒÙˆ,10,UCfEGvXPsMRuvBMqnELSSjJQ
